{"stats":{"minecraft:crafted":{"minecraft:crafting_table":1,"minecraft:stick":4,"minecraft:wooden_pickaxe":1,"minecraft:birch_planks":32},"minecraft:dropped":{"minecraft:stone_axe":1,"minecraft:mutton":2},"minecraft:killed":{"minecraft:sheep":1,"minecraft:skeleton":4,"minecraft:zombie":1,"minecraft:spider":2},"minecraft:mined":{"minecraft:birch_log":8,"minecraft:grass":1,"minecraft:dirt":3},"minecraft:used":{"minecraft:netherite_sword":12,"minecraft:netherite_chestplate":1,"minecraft:birch_sapling":4,"minecraft:netherite_axe":13,"minecraft:wooden_pickaxe":9,"minecraft:netherite_boots":1,"minecraft:netherite_leggings":1,"minecraft:crafting_table":1,"minecraft:red_bed":4,"minecraft:netherite_helmet":1,"minecraft:enchanted_golden_apple":7},"minecraft:custom":{"minecraft:time_since_rest":14998,"minecraft:walk_one_cm":57889,"minecraft:sprint_one_cm":116219,"minecraft:damage_taken":327,"minecraft:damage_absorbed":160,"minecraft:mob_kills":8,"minecraft:drop":3,"minecraft:damage_dealt":1159,"minecraft:swim_one_cm":2397,"minecraft:interact_with_crafting_table":1,"minecraft:player_kills":1,"minecraft:fly_one_cm":482392,"minecraft:open_chest":4,"minecraft:crouch_one_cm":302,"minecraft:play_time":111395,"minecraft:sneak_time":199,"minecraft:walk_under_water_one_cm":3723,"minecraft:jump":339,"minecraft:leave_game":5,"minecraft:time_since_death":111395,"minecraft:walk_on_water_one_cm":2294,"minecraft:sleep_in_bed":3,"minecraft:total_world_time":111395,"minecraft:damage_resisted":77,"minecraft:fall_one_cm":3046},"minecraft:picked_up":{"minecraft:birch_log":8,"minecraft:dirt":3,"minecraft:string":2,"minecraft:bone":4,"minecraft:arrow":5,"minecraft:rotten_flesh":1,"minecraft:mutton":2,"minecraft:birch_sapling":4,"minecraft:white_wool":1}},"DataVersion":3465}