{"stats":{"minecraft:crafted":{"minecraft:crafting_table":2,"minecraft:stick":4,"minecraft:iron_ingot":3,"minecraft:wooden_pickaxe":1,"minecraft:stone_pickaxe":1,"minecraft:birch_planks":32,"minecraft:air":0},"minecraft:dropped":{"minecraft:water_bucket":1,"minecraft:stone_axe":1,"minecraft:mutton":2,"minecraft:raw_iron":1,"minecraft:rotten_flesh":3,"comforts:sleeping_bag_white":1,"minecraft:arrow":4,"minecraft:bucket":1,"minecraft:golden_apple":1,"minecraft:bone":5},"minecraft:killed":{"minecraft:sheep":1,"minecraft:skeleton":5,"minecraft:zombie":3,"minecraft:spider":2},"minecraft:broken":{"minecraft:wooden_pickaxe":1},"minecraft:mined":{"minecraft:iron_ore":9,"minecraft:birch_log":8,"minecraft:torch":2,"minecraft:grass":1,"minecraft:coal_ore":52,"minecraft:dirt":6,"minecraft:stone":53,"minecraft:wall_torch":1},"minecraft:used":{"minecraft:water_bucket":1,"minecraft:netherite_sword":21,"minecraft:stone_pickaxe":22,"minecraft:netherite_chestplate":1,"minecraft:birch_sapling":4,"minecraft:iron_pickaxe":84,"minecraft:netherite_axe":13,"minecraft:wooden_pickaxe":53,"minecraft:netherite_boots":1,"minecraft:torch":5,"minecraft:netherite_leggings":1,"minecraft:crafting_table":2,"minecraft:red_bed":4,"minecraft:bucket":1,"minecraft:netherite_helmet":1,"minecraft:enchanted_golden_apple":21},"minecraft:custom":{"minecraft:time_since_rest":92998,"minecraft:interact_with_furnace":9,"minecraft:walk_one_cm":93519,"minecraft:sprint_one_cm":163769,"minecraft:damage_taken":766,"minecraft:damage_absorbed":396,"minecraft:mob_kills":11,"minecraft:drop":16,"minecraft:damage_dealt":2314,"minecraft:swim_one_cm":2800,"minecraft:interact_with_crafting_table":2,"minecraft:player_kills":2,"minecraft:fly_one_cm":505033,"minecraft:open_chest":8,"minecraft:crouch_one_cm":395,"minecraft:play_time":189395,"minecraft:sneak_time":442,"minecraft:walk_under_water_one_cm":5153,"minecraft:jump":697,"minecraft:leave_game":5,"minecraft:time_since_death":189395,"minecraft:walk_on_water_one_cm":15920,"minecraft:sleep_in_bed":3,"minecraft:total_world_time":189395,"minecraft:damage_resisted":169,"minecraft:fall_one_cm":11680},"minecraft:picked_up":{"minecraft:birch_log":8,"minecraft:raw_iron":9,"minecraft:torch":5,"minecraft:dirt":22,"minecraft:string":2,"minecraft:bone":9,"minecraft:arrow":9,"minecraft:rotten_flesh":9,"minecraft:bucket":1,"minecraft:iron_pickaxe":1,"minecraft:mutton":2,"minecraft:birch_sapling":4,"minecraft:coal":45,"minecraft:white_wool":1,"minecraft:cobblestone":49}},"DataVersion":3465}