{"stats":{"minecraft:used":{"minecraft:netherite_sword":83,"minecraft:water_bucket":2,"minecraft:flint_and_steel":1,"minecraft:stone_pickaxe":22,"minecraft:netherite_chestplate":1,"minecraft:wooden_pickaxe":53,"minecraft:cooked_chicken":1,"minecraft:torch":24,"minecraft:dirt":71,"minecraft:netherite_leggings":1,"minecraft:red_bed":6,"minecraft:crafting_table":3,"minecraft:netherite_helmet":1,"minecraft:lava_bucket":1,"minecraft:bread":1,"minecraft:birch_sapling":4,"minecraft:iron_pickaxe":248,"minecraft:netherite_axe":25,"minecraft:iron_boots":1,"minecraft:netherite_boots":1,"minecraft:cobblestone":29,"minecraft:bow":6,"minecraft:furnace":2,"minecraft:cooked_porkchop":20,"minecraft:bucket":3,"minecraft:birch_log":1,"comforts:sleeping_bag_white":3,"minecraft:enchanted_golden_apple":30},"minecraft:mined":{"minecraft:tuff":7,"minecraft:deepslate_diamond_ore":2,"minecraft:torch":5,"minecraft:grass_block":9,"minecraft:cobblestone":13,"minecraft:deepslate_gold_ore":1,"minecraft:wall_torch":6,"comforts:sleeping_bag_white":1,"minecraft:birch_planks":3,"minecraft:birch_log":8,"minecraft:iron_ore":12,"minecraft:fire":16,"minecraft:birch_leaves":2,"minecraft:grass":5,"minecraft:coal_ore":107,"minecraft:deepslate_iron_ore":2,"minecraft:gravel":3,"minecraft:dirt":13,"minecraft:stone":102,"minecraft:gold_ore":2,"minecraft:oak_leaves":1,"minecraft:deepslate":4},"minecraft:killed":{"minecraft:spider":3,"minecraft:creeper":1,"minecraft:sheep":1,"minecraft:skeleton":12,"minecraft:zombie":17,"minecraft:wither_skeleton":1,"minecraft:enderman":4,"minecraft:blaze":5},"minecraft:crafted":{"minecraft:emerald":9,"minecraft:crafting_table":3,"minecraft:wooden_pickaxe":1,"minecraft:furnace":2,"minecraft:birch_planks":32,"minecraft:air":0,"minecraft:flint_and_steel":1,"minecraft:stick":4,"minecraft:iron_ingot":4,"minecraft:iron_pickaxe":1,"minecraft:stone_pickaxe":1},"minecraft:picked_up":{"minecraft:birch_log":9,"minecraft:birch_planks":1,"minecraft:flint":1,"minecraft:tuff":7,"minecraft:gunpowder":3,"minecraft:dirt":46,"minecraft:string":2,"minecraft:bone":53,"minecraft:bow":2,"minecraft:wheat_seeds":2,"minecraft:cobbled_deepslate":6,"minecraft:raw_gold":2,"minecraft:bucket":2,"comforts:sleeping_bag_white":4,"minecraft:iron_pickaxe":1,"minecraft:birch_sapling":4,"minecraft:raw_iron":14,"minecraft:torch":17,"minecraft:gravel":1,"sophisticatedbackpacks:backpack":1,"minecraft:music_disc_11":1,"minecraft:grass_block":1,"minecraft:spider_eye":3,"minecraft:arrow":35,"minecraft:rotten_flesh":36,"minecraft:diamond":2,"minecraft:saddle":1,"minecraft:blaze_rod":5,"minecraft:mutton":2,"minecraft:coal":106,"minecraft:white_wool":1,"minecraft:cobblestone":81,"minecraft:ender_pearl":10},"minecraft:broken":{"minecraft:iron_pickaxe":1,"minecraft:bow":2,"minecraft:wooden_pickaxe":1},"minecraft:custom":{"minecraft:interact_with_furnace":14,"minecraft:mob_kills":45,"minecraft:interact_with_crafting_table":7,"minecraft:leave_game":6,"minecraft:time_since_death":298893,"minecraft:sleep_in_bed":7,"minecraft:damage_resisted":286,"minecraft:time_since_rest":13360,"minecraft:sprint_one_cm":427176,"minecraft:damage_absorbed":677,"minecraft:damage_taken":2555,"minecraft:walk_one_cm":328699,"minecraft:drop":27,"minecraft:damage_dealt":10575,"minecraft:damage_dealt_absorbed":26,"minecraft:player_kills":4,"minecraft:swim_one_cm":30609,"minecraft:fly_one_cm":729218,"minecraft:open_chest":17,"minecraft:crouch_one_cm":7883,"minecraft:play_time":298893,"minecraft:sneak_time":4176,"minecraft:walk_under_water_one_cm":20383,"minecraft:jump":2104,"minecraft:walk_on_water_one_cm":45336,"minecraft:fall_one_cm":54704,"minecraft:horse_one_cm":128142,"minecraft:total_world_time":298893},"minecraft:dropped":{"minecraft:water_bucket":1,"minecraft:stone_axe":1,"minecraft:wheat_seeds":2,"minecraft:cobbled_deepslate":18,"minecraft:tuff":4,"minecraft:raw_iron":1,"minecraft:rotten_flesh":20,"minecraft:granite":2,"minecraft:golden_apple":1,"minecraft:diorite":3,"minecraft:mutton":2,"minecraft:oak_sapling":1,"minecraft:spider_eye":1,"comforts:sleeping_bag_white":2,"minecraft:arrow":4,"minecraft:bucket":2,"minecraft:bone":5}},"DataVersion":3465}