{"stats":{"minecraft:used":{"minecraft:oak_fence":64,"minecraft:netherite_sword":378,"minecraft:iron_shovel":1,"minecraft:flint_and_steel":1,"minecraft:chest":2,"minecraft:shield":114,"minecraft:stone_hoe":64,"minecraft:cooked_chicken":1,"minecraft:iron_chestplate":1,"minecraft:torch":62,"minecraft:brewing_stand":1,"minecraft:dirt":114,"minecraft:tuff":1,"minecraft:birch_door":9,"minecraft:lava_bucket":1,"minecraft:birch_sapling":4,"minecraft:iron_helmet":1,"minecraft:iron_boots":3,"minecraft:netherite_boots":1,"minecraft:bow":52,"minecraft:furnace":6,"minecraft:egg":2,"comforts:sleeping_bag_white":4,"minecraft:cooked_beef":5,"minecraft:cobbled_deepslate":48,"minecraft:enchanted_golden_apple":30,"minecraft:iron_leggings":1,"minecraft:wheat_seeds":262,"minecraft:water_bucket":14,"minecraft:diorite":15,"minecraft:birch_planks":2,"minecraft:stone_pickaxe":203,"minecraft:netherite_chestplate":1,"minecraft:wooden_pickaxe":53,"minecraft:composter":1,"minecraft:fletching_table":15,"minecraft:sugar_cane":17,"minecraft:white_wool":20,"minecraft:netherite_leggings":1,"minecraft:crafting_table":10,"minecraft:red_bed":6,"minecraft:crossbow":4,"minecraft:netherite_helmet":1,"minecraft:white_bed":1,"minecraft:shears":28,"minecraft:birch_slab":5,"minecraft:bread":12,"minecraft:iron_pickaxe":525,"minecraft:netherite_axe":263,"minecraft:cobblestone":92,"minecraft:white_banner":3,"minecraft:chainmail_boots":1,"minecraft:cooked_porkchop":85,"minecraft:andesite":6,"minecraft:bucket":16,"minecraft:birch_log":1,"minecraft:bone_meal":135},"minecraft:mined":{"minecraft:tuff":17,"minecraft:deepslate_diamond_ore":10,"minecraft:brewing_stand":2,"minecraft:grass_block":18,"minecraft:spawner":1,"comforts:sleeping_bag_white":1,"minecraft:furnace":2,"minecraft:iron_ore":46,"minecraft:fire":16,"minecraft:andesite":28,"minecraft:pumpkin":2,"minecraft:fletching_table":9,"minecraft:deepslate_iron_ore":25,"minecraft:vine":1,"minecraft:white_banner":3,"minecraft:stone":297,"minecraft:white_wool":20,"minecraft:oak_fence":4,"minecraft:crafting_table":8,"minecraft:torch":15,"minecraft:emerald_ore":1,"minecraft:cobblestone":13,"minecraft:deepslate_gold_ore":1,"minecraft:sugar_cane":12,"minecraft:oak_planks":1,"minecraft:diorite":16,"minecraft:wall_torch":8,"minecraft:birch_planks":13,"minecraft:birch_log":27,"minecraft:birch_leaves":2,"minecraft:birch_door":7,"minecraft:grass":128,"minecraft:oak_log":126,"minecraft:coal_ore":179,"minecraft:gravel":19,"minecraft:dirt":45,"minecraft:cobweb":14,"minecraft:stonecutter":2,"minecraft:gold_ore":2,"minecraft:oak_leaves":1,"minecraft:deepslate":60},"minecraft:killed":{"minecraft:cave_spider":1,"minecraft:vindicator":2,"minecraft:spider":12,"minecraft:slime":27,"minecraft:skeleton":26,"minecraft:wolf":3,"minecraft:pig":16,"minecraft:zombie_villager":1,"minecraft:bat":1,"minecraft:ravager":1,"minecraft:creeper":9,"minecraft:sheep":24,"minecraft:pillager":8,"minecraft:zombie":74,"minecraft:wither_skeleton":1,"minecraft:villager":1,"minecraft:cow":1,"minecraft:enderman":4,"minecraft:blaze":5},"minecraft:crafted":{"minecraft:oak_planks":720,"minecraft:redstone":20,"comforts:sleeping_bag_white":1,"minecraft:birch_slab":6,"minecraft:furnace":4,"minecraft:bone_meal":129,"minecraft:cooked_mutton":93,"minecraft:flint_and_steel":1,"minecraft:bow":2,"minecraft:iron_boots":1,"minecraft:ender_pearl":3,"minecraft:stone_pickaxe":4,"minecraft:chest":2,"minecraft:birch_door":3,"minecraft:stone_hoe":1,"minecraft:oak_fence":93,"minecraft:wheat":9,"minecraft:cooked_beef":5,"minecraft:oak_slab":6,"minecraft:emerald":99,"minecraft:cooked_porkchop":76,"minecraft:crafting_table":3,"minecraft:wooden_pickaxe":1,"minecraft:iron_helmet":1,"minecraft:fletching_table":9,"minecraft:birch_planks":512,"minecraft:glowstone":8,"minecraft:air":0,"minecraft:iron_chestplate":1,"minecraft:shield":1,"minecraft:stick":2040,"minecraft:iron_pickaxe":3,"minecraft:iron_ingot":76,"minecraft:iron_leggings":1,"minecraft:white_bed":1,"minecraft:composter":1,"minecraft:lapis_lazuli":12,"minecraft:shears":1},"minecraft:picked_up":{"minecraft:iron_chestplate":1,"minecraft:crafting_table":6,"minecraft:birch_door":8,"minecraft:wheat":92,"minecraft:chainmail_boots":2,"minecraft:brewing_stand":1,"minecraft:string":48,"minecraft:iron_leggings":1,"minecraft:iron_shovel":2,"minecraft:pufferfish":1,"minecraft:cobbled_deepslate":67,"minecraft:netherite_sword":1,"minecraft:bucket":2,"comforts:sleeping_bag_white":5,"minecraft:beef":5,"minecraft:iron_pickaxe":3,"minecraft:sugar_cane":22,"minecraft:birch_sapling":13,"minecraft:furnace":2,"minecraft:egg":2,"minecraft:tipped_arrow":7,"minecraft:stick":93,"minecraft:raw_iron":70,"minecraft:oak_fence":4,"minecraft:torch":30,"sophisticatedbackpacks:backpack":2,"minecraft:porkchop":76,"minecraft:music_disc_11":1,"minecraft:diorite":16,"minecraft:carrot":1,"minecraft:redstone":1,"minecraft:rotten_flesh":207,"minecraft:arrow":84,"minecraft:saddle":2,"minecraft:blaze_rod":5,"minecraft:mutton":95,"minecraft:cobblestone":276,"minecraft:cod":1,"minecraft:white_wool":43,"minecraft:birch_log":30,"minecraft:andesite":27,"minecraft:brown_wool":1,"minecraft:leather":5,"minecraft:birch_planks":1,"minecraft:flint":4,"minecraft:tuff":17,"minecraft:oak_log":125,"minecraft:chainmail_chestplate":2,"minecraft:gunpowder":25,"minecraft:lapis_lazuli":6,"minecraft:dirt":147,"minecraft:white_banner":6,"minecraft:bone":100,"minecraft:apple":16,"minecraft:stonecutter":2,"minecraft:bow":7,"minecraft:wheat_seeds":266,"minecraft:raw_gold":2,"minecraft:iron_ingot":5,"minecraft:fletching_table":9,"minecraft:oak_planks":94,"minecraft:cooked_porkchop":14,"minecraft:pumpkin":2,"minecraft:gravel":33,"minecraft:sand":6,"minecraft:grass_block":1,"minecraft:spider_eye":23,"minecraft:iron_hoe":1,"minecraft:slime_ball":72,"minecraft:diamond":10,"minecraft:crossbow":1,"minecraft:bone_meal":6,"minecraft:granite":7,"minecraft:grass":8,"minecraft:emerald":5,"minecraft:chainmail_helmet":2,"minecraft:coal":231,"minecraft:oak_sapling":71,"minecraft:black_wool":2,"minecraft:ender_pearl":10},"minecraft:broken":{"minecraft:iron_shovel":1,"minecraft:iron_boots":2,"minecraft:iron_chestplate":1,"minecraft:iron_leggings":1,"minecraft:wooden_pickaxe":1,"minecraft:iron_pickaxe":2,"minecraft:iron_helmet":1,"minecraft:bow":2},"minecraft:custom":{"minecraft:mob_kills":221,"minecraft:animals_bred":86,"minecraft:interact_with_crafting_table":29,"minecraft:open_barrel":5,"minecraft:bell_ring":28,"minecraft:damage_dealt_resisted":177,"minecraft:leave_game":9,"minecraft:time_since_death":185919,"minecraft:climb_one_cm":996,"minecraft:damage_resisted":286,"minecraft:sprint_one_cm":941886,"minecraft:walk_one_cm":1353539,"minecraft:damage_blocked_by_shield":2510,"minecraft:drop":53,"minecraft:damage_dealt_absorbed":90,"minecraft:talked_to_villager":26,"minecraft:raid_win":1,"minecraft:play_time":613043,"minecraft:deaths":1,"minecraft:sneak_time":7734,"minecraft:walk_under_water_one_cm":53606,"minecraft:jump":5483,"minecraft:walk_on_water_one_cm":92750,"minecraft:total_world_time":613043,"minecraft:interact_with_furnace":38,"minecraft:traded_with_villager":123,"minecraft:raid_trigger":1,"minecraft:sleep_in_bed":19,"minecraft:time_since_rest":10813,"minecraft:damage_taken":8282,"minecraft:damage_absorbed":677,"minecraft:damage_dealt":43927,"minecraft:swim_one_cm":155665,"minecraft:fly_one_cm":1298631,"minecraft:player_kills":4,"minecraft:open_chest":51,"minecraft:crouch_one_cm":14197,"minecraft:fall_one_cm":125235,"minecraft:horse_one_cm":128142},"minecraft:dropped":{"minecraft:water_bucket":1,"minecraft:wheat_seeds":2,"minecraft:cooked_porkchop":19,"minecraft:granite":2,"minecraft:golden_apple":1,"minecraft:cod":1,"minecraft:diorite":3,"minecraft:mutton":2,"minecraft:bucket":2,"minecraft:bone":5,"minecraft:stone_axe":1,"minecraft:cobbled_deepslate":18,"minecraft:tuff":4,"minecraft:raw_iron":1,"minecraft:rotten_flesh":20,"minecraft:oak_planks":22,"minecraft:cooked_mutton":29,"minecraft:chainmail_chestplate":2,"minecraft:tipped_arrow":2,"minecraft:oak_sapling":1,"minecraft:spider_eye":1,"comforts:sleeping_bag_white":2,"minecraft:arrow":4}},"DataVersion":3465}