{"stats":{"minecraft:used":{"minecraft:netherite_sword":170,"minecraft:water_bucket":2,"minecraft:diorite":14,"minecraft:flint_and_steel":1,"minecraft:stone_pickaxe":184,"minecraft:netherite_chestplate":1,"minecraft:wooden_pickaxe":53,"minecraft:shield":93,"minecraft:cooked_chicken":1,"minecraft:iron_chestplate":1,"minecraft:torch":45,"minecraft:dirt":71,"minecraft:netherite_leggings":1,"minecraft:red_bed":6,"minecraft:crafting_table":7,"minecraft:netherite_helmet":1,"minecraft:tuff":1,"minecraft:birch_door":6,"minecraft:lava_bucket":1,"minecraft:bread":12,"minecraft:birch_sapling":4,"minecraft:iron_pickaxe":514,"minecraft:netherite_axe":49,"minecraft:iron_helmet":1,"minecraft:iron_boots":2,"minecraft:netherite_boots":1,"minecraft:cobblestone":80,"minecraft:bow":46,"minecraft:furnace":3,"minecraft:cooked_porkchop":34,"minecraft:bucket":3,"minecraft:birch_log":1,"minecraft:cobbled_deepslate":48,"comforts:sleeping_bag_white":3,"minecraft:enchanted_golden_apple":30,"minecraft:iron_leggings":1},"minecraft:mined":{"minecraft:tuff":17,"minecraft:deepslate_diamond_ore":10,"minecraft:oak_fence":2,"minecraft:crafting_table":4,"minecraft:torch":8,"minecraft:grass_block":9,"minecraft:cobblestone":13,"minecraft:deepslate_gold_ore":1,"minecraft:oak_planks":1,"minecraft:diorite":15,"minecraft:wall_torch":6,"minecraft:spawner":1,"comforts:sleeping_bag_white":1,"minecraft:birch_planks":3,"minecraft:furnace":2,"minecraft:birch_log":8,"minecraft:iron_ore":40,"minecraft:fire":16,"minecraft:birch_leaves":2,"minecraft:andesite":21,"minecraft:birch_door":4,"minecraft:grass":5,"minecraft:coal_ore":179,"minecraft:deepslate_iron_ore":25,"minecraft:vine":1,"minecraft:gravel":19,"minecraft:dirt":13,"minecraft:cobweb":13,"minecraft:stone":288,"minecraft:gold_ore":2,"minecraft:oak_leaves":1,"minecraft:deepslate":60},"minecraft:killed":{"minecraft:cave_spider":1,"minecraft:spider":5,"minecraft:bat":1,"minecraft:creeper":6,"minecraft:sheep":1,"minecraft:skeleton":23,"minecraft:zombie":54,"minecraft:wither_skeleton":1,"minecraft:enderman":4,"minecraft:blaze":5},"minecraft:crafted":{"minecraft:emerald":9,"minecraft:crafting_table":3,"minecraft:iron_helmet":1,"minecraft:wooden_pickaxe":1,"minecraft:furnace":2,"minecraft:birch_planks":32,"minecraft:air":0,"minecraft:flint_and_steel":1,"minecraft:iron_boots":1,"minecraft:iron_chestplate":1,"minecraft:bow":2,"minecraft:shield":1,"minecraft:stick":20,"minecraft:iron_ingot":40,"minecraft:iron_pickaxe":3,"minecraft:stone_pickaxe":4,"minecraft:iron_leggings":1,"minecraft:birch_door":3},"minecraft:picked_up":{"minecraft:birch_log":9,"minecraft:crafting_table":4,"minecraft:birch_door":5,"minecraft:andesite":21,"minecraft:birch_planks":1,"minecraft:flint":4,"minecraft:tuff":17,"minecraft:gunpowder":14,"minecraft:lapis_lazuli":4,"minecraft:dirt":46,"minecraft:string":25,"minecraft:iron_shovel":2,"minecraft:bone":89,"minecraft:bow":5,"minecraft:wheat_seeds":2,"minecraft:raw_gold":2,"minecraft:cobbled_deepslate":67,"minecraft:netherite_sword":1,"minecraft:bucket":2,"comforts:sleeping_bag_white":4,"minecraft:iron_pickaxe":2,"minecraft:birch_sapling":4,"minecraft:oak_planks":7,"minecraft:furnace":2,"minecraft:raw_iron":64,"minecraft:oak_fence":2,"minecraft:torch":20,"sophisticatedbackpacks:backpack":1,"minecraft:gravel":33,"minecraft:music_disc_11":1,"minecraft:diorite":15,"minecraft:grass_block":1,"minecraft:carrot":1,"minecraft:spider_eye":9,"minecraft:arrow":68,"minecraft:rotten_flesh":146,"minecraft:diamond":10,"minecraft:granite":7,"minecraft:saddle":1,"minecraft:chainmail_helmet":2,"minecraft:blaze_rod":5,"minecraft:mutton":2,"minecraft:coal":231,"minecraft:white_wool":1,"minecraft:cobblestone":267,"minecraft:ender_pearl":10},"minecraft:broken":{"minecraft:iron_boots":1,"minecraft:iron_pickaxe":2,"minecraft:bow":2,"minecraft:wooden_pickaxe":1},"minecraft:custom":{"minecraft:interact_with_furnace":22,"minecraft:mob_kills":103,"minecraft:interact_with_crafting_table":17,"minecraft:leave_game":7,"minecraft:time_since_death":376053,"minecraft:sleep_in_bed":8,"minecraft:damage_resisted":286,"minecraft:time_since_rest":74735,"minecraft:sprint_one_cm":501831,"minecraft:damage_absorbed":677,"minecraft:damage_taken":4279,"minecraft:walk_one_cm":551746,"minecraft:damage_blocked_by_shield":1665,"minecraft:drop":27,"minecraft:damage_dealt":21626,"minecraft:damage_dealt_absorbed":26,"minecraft:player_kills":4,"minecraft:swim_one_cm":53544,"minecraft:fly_one_cm":770682,"minecraft:open_chest":29,"minecraft:play_time":376053,"minecraft:crouch_one_cm":11515,"minecraft:sneak_time":6483,"minecraft:walk_under_water_one_cm":38312,"minecraft:jump":2674,"minecraft:walk_on_water_one_cm":51426,"minecraft:fall_one_cm":66066,"minecraft:horse_one_cm":128142,"minecraft:total_world_time":376053},"minecraft:dropped":{"minecraft:water_bucket":1,"minecraft:stone_axe":1,"minecraft:wheat_seeds":2,"minecraft:cobbled_deepslate":18,"minecraft:tuff":4,"minecraft:raw_iron":1,"minecraft:rotten_flesh":20,"minecraft:granite":2,"minecraft:golden_apple":1,"minecraft:diorite":3,"minecraft:mutton":2,"minecraft:oak_sapling":1,"minecraft:spider_eye":1,"comforts:sleeping_bag_white":2,"minecraft:arrow":4,"minecraft:bucket":2,"minecraft:bone":5}},"DataVersion":3465}