{"stats":{"minecraft:mined":{"minecraft:tuff":35,"minecraft:white_bed":1,"minecraft:mossy_cobblestone":1,"minecraft:deepslate_diamond_ore":15,"minecraft:brewing_stand":2,"minecraft:obsidian":4,"minecraft:grass_block":22,"minecraft:composter":1,"minecraft:spawner":1,"comforts:sleeping_bag_white":1,"minecraft:furnace":8,"minecraft:iron_ore":74,"minecraft:fire":17,"minecraft:cobbled_deepslate":1,"minecraft:andesite":34,"minecraft:pumpkin":2,"minecraft:fletching_table":15,"minecraft:bell":1,"minecraft:deepslate_iron_ore":33,"minecraft:vine":2,"minecraft:stone":577,"minecraft:white_banner":3,"minecraft:white_wool":20,"minecraft:deepslate_redstone_ore":1,"minecraft:red_bed":2,"minecraft:oak_fence":4,"minecraft:crafting_table":23,"minecraft:torch":44,"minecraft:emerald_ore":3,"minecraft:dead_bush":1,"minecraft:lectern":4,"minecraft:tall_grass":1,"minecraft:cobblestone":20,"minecraft:deepslate_gold_ore":18,"minecraft:oak_planks":1,"minecraft:sugar_cane":72,"minecraft:diorite":27,"minecraft:wall_torch":25,"minecraft:birch_planks":13,"minecraft:birch_log":65,"minecraft:birch_leaves":2,"minecraft:birch_door":14,"minecraft:jungle_fence":1,"minecraft:grass":136,"minecraft:coal_ore":200,"minecraft:oak_log":291,"minecraft:gravel":81,"minecraft:sand":77,"minecraft:dirt":60,"minecraft:cobweb":14,"minecraft:stonecutter":2,"minecraft:gold_ore":9,"minecraft:deepslate":203,"minecraft:oak_leaves":7},"minecraft:dropped":{"minecraft:water_bucket":1,"minecraft:wheat_seeds":2,"minecraft:cooked_porkchop":19,"minecraft:granite":2,"minecraft:golden_apple":1,"minecraft:cod":1,"minecraft:dirt":9,"minecraft:torch":7,"minecraft:diorite":3,"minecraft:mutton":2,"minecraft:iron_leggings":1,"minecraft:bucket":2,"minecraft:bone":5,"minecraft:stone_axe":1,"minecraft:cobbled_deepslate":18,"minecraft:tuff":4,"minecraft:raw_iron":1,"minecraft:rotten_flesh":20,"minecraft:oak_planks":26,"minecraft:cooked_mutton":29,"minecraft:chainmail_chestplate":2,"minecraft:tipped_arrow":2,"minecraft:oak_sapling":1,"minecraft:spider_eye":1,"comforts:sleeping_bag_white":2,"minecraft:arrow":4,"minecraft:raw_gold":12},"minecraft:broken":{"minecraft:iron_shovel":1,"minecraft:iron_boots":2,"minecraft:iron_chestplate":2,"magicaljewelry:gold_amulet":1,"minecraft:iron_leggings":2,"minecraft:chainmail_helmet":2,"minecraft:wooden_pickaxe":1,"magicaljewelry:gold_bracelet":2,"minecraft:iron_pickaxe":3,"minecraft:iron_helmet":1,"minecraft:bow":2},"minecraft:picked_up":{"minecraft:iron_chestplate":1,"minecraft:birch_door":15,"minecraft:crafting_table":21,"minecraft:wheat":144,"minecraft:chainmail_boots":3,"magicaljewelry:gold_bracelet":4,"minecraft:brewing_stand":1,"reliquary:slime_pearl":1,"minecraft:string":95,"minecraft:red_bed":2,"minecraft:iron_leggings":4,"minecraft:iron_shovel":4,"minecraft:pufferfish":1,"reliquary:chelicerae":5,"minecraft:netherite_sword":1,"minecraft:cobbled_deepslate":220,"reliquary:zombie_heart":51,"minecraft:bucket":2,"comforts:sleeping_bag_white":5,"minecraft:beef":71,"minecraft:iron_pickaxe":3,"minecraft:lectern":4,"minecraft:sugar_cane":126,"minecraft:birch_sapling":30,"minecraft:furnace":8,"minecraft:iron_boots":2,"minecraft:egg":3,"minecraft:tipped_arrow":9,"minecraft:raw_iron":100,"minecraft:stick":196,"reliquary:catalyzing_gland":5,"reliquary:rib_bone":6,"minecraft:composter":1,"minecraft:oak_fence":4,"minecraft:torch":95,"sophisticatedbackpacks:backpack":3,"minecraft:porkchop":76,"minecraft:cookie":5,"minecraft:music_disc_11":1,"minecraft:diorite":27,"minecraft:carrot":3,"minecraft:redstone":6,"minecraft:arrow":150,"minecraft:rotten_flesh":772,"magicaljewelry:silver_amulet":1,"minecraft:obsidian":4,"minecraft:saddle":2,"minecraft:gold_ingot":1,"minecraft:blaze_rod":5,"minecraft:mutton":95,"minecraft:cod":1,"minecraft:white_wool":43,"minecraft:cobblestone":563,"minecraft:birch_log":68,"minecraft:andesite":33,"minecraft:leather":47,"minecraft:brown_wool":1,"minecraft:jungle_fence":1,"minecraft:potato":2,"minecraft:birch_planks":4,"minecraft:flint":7,"minecraft:tuff":35,"minecraft:oak_log":291,"minecraft:chainmail_chestplate":2,"minecraft:paper":2,"minecraft:gunpowder":66,"minecraft:lapis_lazuli":7,"minecraft:dirt":265,"minecraft:white_banner":6,"minecraft:bone":153,"minecraft:apple":29,"minecraft:bow":10,"minecraft:stonecutter":2,"minecraft:wheat_seeds":400,"minecraft:raw_gold":42,"minecraft:bell":1,"minecraft:iron_ingot":10,"magicaljewelry:gold_ring":3,"minecraft:fletching_table":15,"minecraft:glowstone_dust":8,"minecraft:iron_sword":2,"minecraft:oak_planks":238,"minecraft:cooked_porkchop":14,"minecraft:pumpkin":2,"minecraft:dandelion":1,"minecraft:gravel":109,"minecraft:sand":84,"minecraft:white_bed":2,"minecraft:grass_block":1,"minecraft:spider_eye":80,"magicaljewelry:gold_amulet":1,"minecraft:iron_hoe":2,"magicaljewelry:silver_ring":6,"minecraft:chainmail_leggings":1,"minecraft:slime_ball":91,"minecraft:diamond":16,"minecraft:crossbow":1,"minecraft:granite":7,"minecraft:bone_meal":6,"minecraft:grass":8,"minecraft:chainmail_helmet":5,"minecraft:emerald":7,"minecraft:oak_sapling":181,"minecraft:black_wool":2,"minecraft:coal":373,"minecraft:ender_pearl":16},"minecraft:used":{"minecraft:oak_fence":64,"minecraft:netherite_sword":704,"minecraft:iron_shovel":145,"minecraft:flint_and_steel":1,"minecraft:zombie_villager_spawn_egg":4,"minecraft:chest":2,"minecraft:shield":124,"minecraft:zombie_spawn_egg":26,"minecraft:cooked_salmon":7,"minecraft:bell":1,"minecraft:stone_hoe":64,"minecraft:cooked_chicken":1,"minecraft:torch":125,"minecraft:iron_chestplate":2,"minecraft:brewing_stand":1,"minecraft:dirt":240,"minecraft:tuff":1,"minecraft:birch_door":17,"minecraft:lava_bucket":3,"minecraft:bookshelf":19,"minecraft:villager_spawn_egg":5,"minecraft:birch_sapling":4,"minecraft:iron_helmet":1,"minecraft:iron_boots":3,"minecraft:netherite_boots":1,"minecraft:bow":52,"minecraft:furnace":12,"minecraft:egg":3,"comforts:sleeping_bag_white":4,"minecraft:enchanted_golden_apple":31,"minecraft:cooked_beef":7,"minecraft:cobbled_deepslate":64,"minecraft:iron_leggings":2,"minecraft:wheat_seeds":262,"minecraft:cooked_mutton":25,"minecraft:water_bucket":16,"minecraft:diorite":15,"minecraft:birch_planks":21,"minecraft:stone_pickaxe":203,"minecraft:jungle_fence":13,"minecraft:netherite_chestplate":1,"minecraft:wooden_pickaxe":53,"minecraft:birch_boat":1,"minecraft:composter":1,"minecraft:sugar_cane":31,"minecraft:fletching_table":15,"minecraft:cookie":5,"minecraft:white_wool":20,"minecraft:red_bed":7,"minecraft:netherite_leggings":1,"minecraft:sand":4,"minecraft:crafting_table":18,"minecraft:white_bed":3,"minecraft:crossbow":4,"minecraft:netherite_helmet":1,"minecraft:shears":28,"minecraft:diamond_pickaxe":4,"minecraft:birch_slab":5,"minecraft:bread":16,"minecraft:iron_pickaxe":1092,"minecraft:netherite_axe":553,"minecraft:lectern":8,"minecraft:gravel":7,"minecraft:andesite":6,"minecraft:cobblestone":125,"minecraft:dark_oak_fence":3,"minecraft:chainmail_boots":1,"minecraft:white_banner":3,"minecraft:cooked_porkchop":135,"minecraft:bucket":20,"minecraft:birch_log":1,"minecraft:splash_potion":165,"minecraft:bone_meal":135},"minecraft:killed":{"minecraft:cave_spider":1,"minecraft:witch":2,"minecraft:vindicator":2,"minecraft:spider":29,"minecraft:slime":36,"minecraft:skeleton":44,"minecraft:chicken":1,"minecraft:wolf":3,"minecraft:pig":16,"minecraft:zombie_villager":4,"minecraft:frog":1,"minecraft:bat":1,"minecraft:ravager":1,"minecraft:creeper":21,"minecraft:sheep":24,"minecraft:pillager":8,"minecraft:zombie":255,"minecraft:wither_skeleton":1,"minecraft:villager":3,"minecraft:enderman":6,"minecraft:blaze":5,"minecraft:cow":16},"minecraft:crafted":{"minecraft:oak_planks":1420,"minecraft:redstone":20,"minecraft:rotten_flesh":186,"comforts:sleeping_bag_white":1,"minecraft:birch_boat":1,"minecraft:birch_slab":12,"minecraft:furnace":5,"minecraft:bone_meal":129,"minecraft:bookshelf":20,"minecraft:cooked_mutton":93,"minecraft:flint_and_steel":1,"minecraft:bow":3,"minecraft:iron_boots":1,"minecraft:ender_pearl":3,"minecraft:stone_pickaxe":4,"minecraft:chest":2,"minecraft:birch_door":3,"minecraft:stone_hoe":1,"minecraft:oak_fence":93,"sophisticatedbackpacks:iron_backpack":1,"minecraft:wheat":9,"minecraft:cooked_beef":71,"minecraft:oak_slab":6,"minecraft:emerald":177,"minecraft:cooked_porkchop":76,"minecraft:enchanting_table":1,"minecraft:crafting_table":4,"minecraft:wooden_pickaxe":1,"minecraft:iron_helmet":1,"sophisticatedbackpacks:gold_backpack":1,"minecraft:fletching_table":9,"minecraft:bone":30,"minecraft:birch_planks":668,"minecraft:glowstone":8,"minecraft:air":0,"minecraft:lectern":1,"minecraft:book":31,"minecraft:iron_chestplate":2,"minecraft:paper":91,"minecraft:diamond_pickaxe":1,"minecraft:shield":1,"minecraft:stick":3710,"minecraft:iron_ingot":108,"minecraft:iron_pickaxe":3,"minecraft:gold_ingot":36,"minecraft:iron_leggings":2,"minecraft:white_bed":1,"minecraft:composter":1,"minecraft:shears":1,"minecraft:lapis_lazuli":12},"minecraft:custom":{"minecraft:mob_kills":484,"minecraft:animals_bred":108,"minecraft:interact_with_crafting_table":45,"minecraft:open_barrel":5,"minecraft:bell_ring":31,"minecraft:damage_dealt_resisted":321,"minecraft:leave_game":23,"minecraft:time_since_death":260333,"minecraft:damage_resisted":3358,"minecraft:climb_one_cm":2924,"minecraft:sprint_one_cm":1769278,"minecraft:walk_one_cm":2375090,"minecraft:damage_blocked_by_shield":2760,"minecraft:drop":64,"minecraft:damage_dealt_absorbed":130,"minecraft:talked_to_villager":122,"minecraft:raid_win":1,"minecraft:play_time":1096494,"minecraft:sneak_time":15030,"minecraft:deaths":4,"minecraft:walk_under_water_one_cm":108101,"minecraft:boat_one_cm":179280,"minecraft:jump":9630,"minecraft:walk_on_water_one_cm":141759,"minecraft:total_world_time":1096494,"minecraft:interact_with_furnace":56,"minecraft:traded_with_villager":220,"minecraft:raid_trigger":1,"minecraft:sleep_in_bed":38,"minecraft:time_since_rest":35796,"minecraft:damage_taken":14581,"minecraft:damage_absorbed":836,"minecraft:damage_dealt":95434,"minecraft:player_kills":4,"minecraft:swim_one_cm":571204,"minecraft:fly_one_cm":2203522,"minecraft:open_chest":96,"minecraft:crouch_one_cm":37691,"minecraft:fall_one_cm":244475,"minecraft:horse_one_cm":128142}},"DataVersion":3465}