{"stats":{"minecraft:custom":{"minecraft:animals_bred":108,"minecraft:interact_with_crafting_table":103,"minecraft:open_barrel":26,"minecraft:bell_ring":32,"minecraft:leave_game":29,"minecraft:time_since_death":217742,"minecraft:damage_resisted":6756,"minecraft:sprint_one_cm":3122800,"minecraft:damage_blocked_by_shield":2760,"minecraft:drop":178,"minecraft:talked_to_villager":257,"minecraft:play_time":1889677,"minecraft:deaths":18,"minecraft:jump":17009,"minecraft:walk_on_water_one_cm":262262,"minecraft:enchant_item":1,"minecraft:interact_with_furnace":91,"minecraft:traded_with_villager":256,"minecraft:sleep_in_bed":62,"minecraft:damage_dealt":230150,"minecraft:player_kills":6,"minecraft:crouch_one_cm":123349,"minecraft:horse_one_cm":128142,"minecraft:mob_kills":1122,"minecraft:inspect_hopper":6,"minecraft:damage_dealt_resisted":638,"minecraft:climb_one_cm":9341,"minecraft:walk_one_cm":3965795,"minecraft:damage_dealt_absorbed":370,"minecraft:raid_win":1,"minecraft:sneak_time":39863,"minecraft:walk_under_water_one_cm":236351,"minecraft:boat_one_cm":254423,"minecraft:total_world_time":1889677,"minecraft:raid_trigger":1,"minecraft:time_since_rest":112034,"minecraft:damage_absorbed":836,"minecraft:damage_taken":32009,"minecraft:swim_one_cm":1195505,"minecraft:fly_one_cm":4123068,"minecraft:open_chest":180,"minecraft:fall_one_cm":526725},"minecraft:mined":{"minecraft:white_bed":1,"minecraft:brewing_stand":2,"minecraft:obsidian":92,"minecraft:granite":17,"minecraft:chiseled_polished_blackstone":3,"minecraft:grass_block":84,"minecraft:cracked_polished_blackstone_bricks":27,"minecraft:composter":1,"minecraft:spawner":1,"comforts:sleeping_bag_white":1,"minecraft:polished_blackstone_bricks":46,"minecraft:magma_block":15,"minecraft:iron_ore":80,"minecraft:cobbled_deepslate":8,"minecraft:fire":24,"minecraft:pumpkin":2,"minecraft:deepslate_lapis_ore":11,"minecraft:fletching_table":15,"minecraft:white_banner":3,"minecraft:deepslate_redstone_ore":65,"minecraft:red_bed":3,"minecraft:blackstone":52,"minecraft:crimson_nylium":8,"minecraft:soul_fire":4,"minecraft:torch":94,"minecraft:dead_bush":2,"minecraft:smooth_quartz_slab":1,"minecraft:nether_quartz_ore":94,"minecraft:cobblestone":30,"minecraft:oak_planks":1,"minecraft:sugar_cane":114,"minecraft:wall_torch":44,"minecraft:birch_log":72,"minecraft:wheat":54,"minecraft:birch_door":31,"minecraft:stone_brick_stairs":1,"minecraft:grass":153,"minecraft:oak_log":344,"minecraft:sand":79,"minecraft:dirt":73,"minecraft:stonecutter":2,"minecraft:netherrack":1918,"minecraft:ancient_debris":4,"minecraft:oak_leaves":7,"minecraft:deepslate":565,"minecraft:nether_gold_ore":7,"minecraft:crying_obsidian":6,"minecraft:tuff":114,"minecraft:mossy_cobblestone":1,"minecraft:deepslate_diamond_ore":35,"minecraft:dark_oak_log":243,"minecraft:cobbled_deepslate_slab":2,"minecraft:nether_bricks":26,"uncraftingtable76:uncraftingtable":7,"minecraft:oak_trapdoor":1,"minecraft:furnace":8,"minecraft:andesite":43,"minecraft:gold_block":42,"minecraft:bell":1,"minecraft:deepslate_iron_ore":33,"minecraft:vine":3,"minecraft:stone":877,"minecraft:white_wool":20,"minecraft:basalt":28,"minecraft:oak_fence":4,"minecraft:crafting_table":26,"minecraft:emerald_ore":4,"minecraft:lectern":5,"minecraft:copper_ore":5,"minecraft:tall_grass":2,"minecraft:deepslate_gold_ore":18,"minecraft:diorite":45,"minecraft:air":38,"minecraft:birch_planks":13,"minecraft:birch_leaves":4,"minecraft:jungle_fence":1,"minecraft:coal_ore":200,"minecraft:gravel":92,"minecraft:cobweb":21,"minecraft:gold_ore":9},"minecraft:dropped":{"minecraft:porkchop":4,"minecraft:cooked_beef":5,"minecraft:diamond":12,"minecraft:cooked_porkchop":19,"minecraft:leather":1,"minecraft:cod":1,"minecraft:cracked_polished_blackstone_bricks":13,"magicaljewelry:gold_bracelet":1,"minecraft:dirt":9,"reliquary:witch_hat":1,"minecraft:mutton":2,"magicaljewelry:gold_amulet":2,"minecraft:gold_nugget":42,"minecraft:polished_blackstone_bricks":28,"minecraft:gold_ingot":7,"minecraft:bone":5,"minecraft:gravel":5,"minecraft:stone_axe":1,"minecraft:cobbled_deepslate":20,"minecraft:pointed_dripstone":13,"minecraft:rotten_flesh":102,"minecraft:oak_planks":26,"minecraft:cooked_mutton":29,"minecraft:chainmail_chestplate":2,"minecraft:tipped_arrow":2,"minecraft:gunpowder":4,"comforts:sleeping_bag_white":2,"minecraft:arrow":7,"reliquary:zombie_heart":1,"minecraft:netherrack":1549,"minecraft:enchanted_book":1,"minecraft:water_bucket":1,"minecraft:wheat_seeds":3,"minecraft:dripstone_block":3,"minecraft:feather":1,"minecraft:cobblestone":129,"minecraft:spectral_arrow":2,"minecraft:granite":13,"minecraft:chainmail_helmet":1,"minecraft:golden_apple":1,"minecraft:diorite":3,"minecraft:torch":11,"minecraft:nether_wart_block":9,"minecraft:iron_leggings":1,"minecraft:chainmail_leggings":1,"minecraft:bucket":5,"minecraft:redstone":14,"minecraft:oak_trapdoor":2,"minecraft:raw_copper":76,"minecraft:tuff":4,"magicaljewelry:silver_bracelet":4,"minecraft:raw_iron":1,"minecraft:nether_bricks":2,"magicaljewelry:silver_ring":7,"minecraft:cobblestone_slab":4,"minecraft:potato":192,"minecraft:shield":2,"minecraft:diamond_pickaxe":1,"minecraft:andesite":9,"minecraft:oak_sapling":1,"minecraft:golden_sword":1,"minecraft:spider_eye":1,"minecraft:bow":1,"minecraft:raw_gold":12,"minecraft:magma_block":11},"minecraft:killed":{"minecraft:cave_spider":2,"minecraft:zombified_piglin":120,"minecraft:witch":2,"minecraft:spider":35,"minecraft:skeleton":71,"minecraft:chicken":4,"minecraft:piglin_brute":10,"minecraft:wolf":3,"minecraft:magma_cube":31,"minecraft:piglin":16,"minecraft:pig":16,"minecraft:zombie_villager":4,"minecraft:creeper":27,"minecraft:sheep":24,"minecraft:pillager":8,"minecraft:zombie":590,"minecraft:ghast":2,"minecraft:blaze":21,"minecraft:cow":23,"minecraft:vindicator":2,"minecraft:slime":36,"minecraft:drowned":1,"minecraft:bat":1,"minecraft:frog":1,"minecraft:ravager":1,"minecraft:hoglin":1,"minecraft:wither_skeleton":38,"minecraft:villager":5,"minecraft:enderman":8},"minecraft:broken":{"minecraft:golden_helmet":1,"minecraft:iron_shovel":1,"minecraft:diamond_helmet":1,"magicaljewelry:gold_ring":1,"minecraft:iron_boots":3,"minecraft:iron_chestplate":3,"magicaljewelry:gold_amulet":1,"minecraft:golden_shovel":1,"minecraft:iron_leggings":3,"magicaljewelry:silver_ring":2,"minecraft:bow":2,"magicaljewelry:silver_amulet":1,"minecraft:chainmail_helmet":2,"minecraft:wooden_pickaxe":1,"minecraft:golden_axe":1,"magicaljewelry:silver_bracelet":1,"magicaljewelry:gold_bracelet":4,"minecraft:iron_pickaxe":4,"minecraft:iron_helmet":1},"minecraft:crafted":{"minecraft:oak_planks":1608,"minecraft:cobblestone_slab":6,"minecraft:rotten_flesh":186,"minecraft:birch_boat":1,"minecraft:birch_slab":12,"sophisticatedbackpacks:crafting_upgrade":1,"minecraft:bookshelf":26,"minecraft:cooked_mutton":93,"minecraft:glass":32,"minecraft:hopper":1,"minecraft:iron_boots":1,"minecraft:bow":3,"minecraft:chest":4,"minecraft:birch_door":3,"minecraft:stone_hoe":1,"minecraft:oak_fence":93,"magicaljewelry:gold_bracelet":1,"uncraftingtable76:uncraftingtable":1,"torchmaster:megatorch":1,"minecraft:oak_slab":6,"minecraft:emerald":180,"minecraft:cooked_porkchop":76,"enchantinginfuser:enchanting_infuser":1,"minecraft:crafting_table":4,"minecraft:iron_helmet":1,"minecraft:wooden_pickaxe":1,"minecraft:baked_potato":118,"minecraft:fletching_table":9,"minecraft:gold_block":2,"minecraft:oak_wood":6,"minecraft:birch_planks":668,"sophisticatedbackpacks:upgrade_base":1,"minecraft:lectern":1,"minecraft:string":6,"minecraft:iron_chestplate":3,"minecraft:book":31,"minecraft:paper":133,"minecraft:diamond_pickaxe":1,"minecraft:shield":1,"minecraft:stick":3714,"minecraft:iron_ingot":171,"minecraft:compass":7,"minecraft:iron_pickaxe":3,"minecraft:gold_ingot":45,"minecraft:composter":1,"minecraft:shears":1,"minecraft:cobbled_deepslate_slab":6,"minecraft:redstone":20,"comforts:sleeping_bag_white":1,"minecraft:furnace":5,"minecraft:bone_meal":321,"minecraft:flint_and_steel":1,"minecraft:lantern":12,"minecraft:ender_pearl":3,"minecraft:stone_pickaxe":4,"sophisticatedbackpacks:iron_backpack":1,"minecraft:wheat":9,"minecraft:cooked_beef":98,"minecraft:enchanting_table":1,"sophisticatedbackpacks:gold_backpack":1,"minecraft:golden_shovel":1,"minecraft:bucket":1,"minecraft:bone":35,"reliquary:alkahestry_tome":61,"minecraft:glowstone":8,"minecraft:air":0,"minecraft:bread":16,"minecraft:iron_leggings":2,"minecraft:anvil":1,"minecraft:white_bed":1,"minecraft:lapis_lazuli":12},"minecraft:picked_up":{"minecraft:iron_chestplate":6,"minecraft:birch_door":33,"minecraft:wheat":190,"minecraft:chainmail_boots":5,"minecraft:enchanted_book":2,"minecraft:stone_brick_stairs":1,"minecraft:brewing_stand":1,"minecraft:golden_sword":15,"reliquary:slime_pearl":14,"minecraft:string":121,"minecraft:raw_copper":132,"minecraft:iron_leggings":5,"minecraft:pufferfish":1,"minecraft:gold_nugget":332,"minecraft:cobbled_deepslate":588,"reliquary:zombie_heart":183,"minecraft:bucket":4,"comforts:sleeping_bag_white":5,"minecraft:iron_pickaxe":9,"minecraft:iron_boots":5,"minecraft:furnace":8,"minecraft:tipped_arrow":9,"minecraft:golden_helmet":1,"minecraft:stick":244,"minecraft:composter":1,"minecraft:oak_fence":4,"minecraft:torch":177,"uncraftingtable76:uncraftingtable":8,"minecraft:porkchop":80,"minecraft:golden_axe":2,"minecraft:pointed_dripstone":25,"minecraft:diorite":45,"minecraft:stone_sword":9,"minecraft:rotten_flesh":2150,"magicaljewelry:silver_amulet":5,"minecraft:blaze_rod":55,"minecraft:obsidian":90,"minecraft:cod":1,"minecraft:cobblestone":860,"minecraft:birch_log":74,"minecraft:magma_block":15,"minecraft:feather":7,"minecraft:cooked_beef":2,"minecraft:magma_cream":14,"minecraft:andesite":51,"minecraft:brown_wool":1,"reliquary:molten_core":12,"minecraft:potato":537,"minecraft:flint":15,"minecraft:tuff":114,"minecraft:wither_skeleton_skull":18,"minecraft:lapis_lazuli":378,"minecraft:dirt":415,"reliquary:nebulous_heart":1,"minecraft:leather_boots":3,"minecraft:bone":369,"minecraft:bow":16,"minecraft:stonecutter":2,"minecraft:wheat_seeds":758,"minecraft:cobbled_deepslate_slab":2,"minecraft:raw_gold":42,"minecraft:bell":1,"magicaljewelry:gold_ring":13,"minecraft:netherite_axe":1,"magicaljewelry:silver_bracelet":10,"minecraft:fletching_table":15,"minecraft:glowstone_dust":8,"minecraft:oak_planks":238,"minecraft:ghast_tear":10,"minecraft:chiseled_polished_blackstone":3,"minecraft:cooked_porkchop":14,"minecraft:poisonous_potato":1,"minecraft:sand":86,"sophisticatedbackpacks:iron_backpack":1,"minecraft:grass_block":1,"minecraft:dark_oak_log":285,"minecraft:spectral_arrow":10,"minecraft:iron_hoe":2,"minecraft:diamond":125,"minecraft:cracked_polished_blackstone_bricks":27,"minecraft:crossbow":2,"minecraft:granite":24,"minecraft:grass":8,"minecraft:bone_meal":16,"minecraft:emerald":8,"minecraft:chainmail_helmet":6,"reliquary:witch_hat":26,"minecraft:oak_sapling":226,"minecraft:netherrack":2105,"reliquary:withered_rib":16,"minecraft:crafting_table":24,"minecraft:chicken":7,"minecraft:nether_wart":9,"minecraft:leather_leggings":2,"magicaljewelry:gold_bracelet":9,"minecraft:gold_block":42,"minecraft:shield":3,"minecraft:oak_trapdoor":4,"minecraft:red_bed":3,"minecraft:iron_shovel":5,"reliquary:chelicerae":25,"minecraft:blackstone":54,"minecraft:netherite_sword":6,"minecraft:beef":98,"minecraft:lectern":5,"minecraft:sugar_cane":210,"minecraft:birch_sapling":36,"minecraft:egg":4,"minecraft:dark_oak_sapling":33,"minecraft:raw_iron":136,"reliquary:catalyzing_gland":12,"reliquary:rib_bone":12,"sophisticatedbackpacks:backpack":8,"minecraft:polished_blackstone_bricks":46,"minecraft:cookie":20,"minecraft:music_disc_11":1,"minecraft:carrot":5,"minecraft:redstone":562,"minecraft:arrow":231,"minecraft:nether_bricks":18,"minecraft:saddle":2,"minecraft:gold_ingot":10,"minecraft:mutton":95,"minecraft:white_wool":43,"minecraft:basalt":28,"minecraft:leather":83,"minecraft:jungle_fence":1,"minecraft:red_mushroom":3,"minecraft:birch_planks":4,"minecraft:oak_log":349,"minecraft:chainmail_chestplate":6,"minecraft:ancient_debris":4,"minecraft:golden_boots":2,"minecraft:nether_wart_block":9,"minecraft:gunpowder":93,"minecraft:paper":2,"minecraft:white_banner":6,"minecraft:apple":39,"minecraft:iron_ingot":17,"minecraft:iron_sword":5,"minecraft:soul_sand":1,"minecraft:book":25,"minecraft:pumpkin":2,"minecraft:quartz":450,"minecraft:dandelion":1,"minecraft:dripstone_block":7,"minecraft:gravel":154,"minecraft:white_bed":2,"minecraft:crying_obsidian":9,"minecraft:spider_eye":93,"magicaljewelry:gold_amulet":3,"magicaljewelry:silver_ring":16,"minecraft:slime_ball":91,"minecraft:chainmail_leggings":6,"reliquary:eye_of_the_storm":9,"minecraft:black_wool":2,"minecraft:smooth_quartz_slab":1,"minecraft:coal":481,"minecraft:ender_pearl":25},"minecraft:killed_by":{"minecraft:ghast":1},"minecraft:used":{"minecraft:iron_shovel":145,"minecraft:smooth_quartz_slab":1,"minecraft:shield":124,"minecraft:chest":2,"minecraft:nether_wart":2,"minecraft:zombie_spawn_egg":63,"minecraft:bell":1,"minecraft:rotten_flesh":5,"minecraft:iron_chestplate":3,"minecraft:soul_sand":1,"minecraft:tuff":11,"minecraft:obsidian":12,"minecraft:lava_bucket":3,"minecraft:villager_spawn_egg":21,"minecraft:birch_sapling":10,"minecraft:iron_helmet":1,"minecraft:netherite_boots":1,"minecraft:golden_sword":1,"minecraft:bow":67,"minecraft:furnace":12,"minecraft:egg":4,"minecraft:potato":17,"minecraft:diorite":15,"minecraft:diamond_boots":1,"minecraft:stone_pickaxe":203,"minecraft:jungle_fence":139,"minecraft:blackstone":2,"minecraft:wooden_pickaxe":53,"minecraft:composter":2,"minecraft:chainmail_helmet":1,"minecraft:sugar_cane":31,"minecraft:cookie":20,"minecraft:white_wool":20,"minecraft:sand":6,"minecraft:netherite_leggings":1,"minecraft:crossbow":4,"minecraft:netherite_helmet":1,"minecraft:shears":28,"minecraft:birch_slab":5,"minecraft:bread":32,"minecraft:lectern":64,"minecraft:gravel":11,"minecraft:chainmail_boots":2,"minecraft:dark_oak_fence":3,"minecraft:andesite":6,"minecraft:birch_log":1,"minecraft:bone_meal":338,"minecraft:oak_fence":64,"minecraft:oak_trapdoor":1,"minecraft:netherite_sword":1413,"minecraft:flint_and_steel":2,"minecraft:zombie_villager_spawn_egg":4,"minecraft:wither_skeleton_spawn_egg":6,"minecraft:cooked_salmon":7,"minecraft:stone_hoe":64,"minecraft:cooked_chicken":1,"minecraft:netherrack":82,"minecraft:torch":251,"minecraft:brewing_stand":1,"minecraft:dirt":315,"minecraft:hopper":1,"minecraft:diamond_helmet":1,"minecraft:golden_shovel":34,"minecraft:granite":6,"minecraft:birch_door":35,"minecraft:bookshelf":42,"minecraft:iron_boots":3,"minecraft:diamond_chestplate":2,"minecraft:basalt":10,"torchmaster:megatorch":2,"comforts:sleeping_bag_white":4,"minecraft:cooked_beef":48,"minecraft:cobbled_deepslate":153,"minecraft:enchanted_golden_apple":31,"minecraft:golden_axe":1,"minecraft:iron_leggings":2,"minecraft:wheat_seeds":299,"minecraft:cooked_mutton":64,"minecraft:water_bucket":20,"minecraft:birch_planks":21,"minecraft:netherite_chestplate":1,"minecraft:baked_potato":102,"minecraft:birch_boat":1,"minecraft:fletching_table":15,"minecraft:cobblestone_slab":2,"minecraft:polished_blackstone_bricks":2,"minecraft:crafting_table":19,"minecraft:red_bed":8,"minecraft:white_bed":18,"minecraft:diamond_pickaxe":3302,"minecraft:cracked_polished_blackstone_bricks":2,"minecraft:iron_pickaxe":1151,"minecraft:netherite_axe":937,"enchantinginfuser:enchanting_infuser":1,"minecraft:cobblestone":191,"minecraft:cobbled_deepslate_slab":4,"minecraft:white_banner":3,"minecraft:cooked_porkchop":136,"minecraft:bucket":23,"minecraft:diamond_leggings":6,"minecraft:splash_potion":407,"uncraftingtable76:uncraftingtable":9,"minecraft:chainmail_leggings":4}},"DataVersion":3465}