{"stats":{"minecraft:crafted":{"minecraft:emerald":9,"minecraft:crafting_table":3,"minecraft:wooden_pickaxe":1,"minecraft:furnace":1,"minecraft:birch_planks":32,"minecraft:air":0,"minecraft:flint_and_steel":1,"minecraft:stick":4,"minecraft:iron_ingot":4,"minecraft:stone_pickaxe":1},"minecraft:dropped":{"minecraft:water_bucket":1,"minecraft:stone_axe":1,"minecraft:wheat_seeds":2,"minecraft:cobbled_deepslate":18,"minecraft:tuff":4,"minecraft:raw_iron":1,"minecraft:rotten_flesh":20,"minecraft:granite":2,"minecraft:golden_apple":1,"minecraft:diorite":3,"minecraft:mutton":2,"minecraft:oak_sapling":1,"minecraft:spider_eye":1,"comforts:sleeping_bag_white":1,"minecraft:arrow":4,"minecraft:bucket":1,"minecraft:bone":5},"minecraft:killed":{"minecraft:spider":2,"minecraft:creeper":1,"minecraft:sheep":1,"minecraft:skeleton":8,"minecraft:zombie":11,"minecraft:wither_skeleton":1,"minecraft:blaze":5,"minecraft:enderman":3},"minecraft:broken":{"minecraft:bow":1,"minecraft:wooden_pickaxe":1},"minecraft:mined":{"minecraft:tuff":7,"minecraft:deepslate_diamond_ore":2,"minecraft:torch":2,"minecraft:cobblestone":13,"minecraft:deepslate_gold_ore":1,"minecraft:wall_torch":2,"minecraft:birch_planks":3,"minecraft:birch_log":8,"minecraft:iron_ore":9,"minecraft:fire":15,"minecraft:grass":1,"minecraft:coal_ore":52,"minecraft:deepslate_iron_ore":2,"minecraft:gravel":3,"minecraft:dirt":7,"minecraft:stone":91,"minecraft:gold_ore":2,"minecraft:deepslate":4},"minecraft:used":{"minecraft:water_bucket":1,"minecraft:netherite_sword":62,"minecraft:flint_and_steel":1,"minecraft:stone_pickaxe":22,"minecraft:netherite_chestplate":1,"minecraft:wooden_pickaxe":53,"minecraft:torch":6,"minecraft:dirt":21,"minecraft:netherite_leggings":1,"minecraft:crafting_table":3,"minecraft:red_bed":5,"minecraft:netherite_helmet":1,"minecraft:birch_sapling":4,"minecraft:iron_pickaxe":173,"minecraft:netherite_axe":17,"minecraft:netherite_boots":1,"minecraft:cobblestone":27,"minecraft:bow":3,"minecraft:furnace":1,"minecraft:bucket":1,"minecraft:enchanted_golden_apple":30},"minecraft:custom":{"minecraft:interact_with_furnace":12,"minecraft:mob_kills":33,"minecraft:interact_with_crafting_table":6,"minecraft:leave_game":5,"minecraft:time_since_death":237395,"minecraft:sleep_in_bed":3,"minecraft:damage_resisted":286,"minecraft:time_since_rest":140998,"minecraft:sprint_one_cm":319511,"minecraft:damage_absorbed":677,"minecraft:damage_taken":1081,"minecraft:walk_one_cm":240179,"minecraft:drop":25,"minecraft:damage_dealt":7693,"minecraft:damage_dealt_absorbed":26,"minecraft:swim_one_cm":12232,"minecraft:fly_one_cm":584269,"minecraft:player_kills":2,"minecraft:open_chest":8,"minecraft:crouch_one_cm":6990,"minecraft:play_time":237395,"minecraft:sneak_time":2756,"minecraft:walk_under_water_one_cm":13033,"minecraft:jump":1401,"minecraft:walk_on_water_one_cm":32472,"minecraft:total_world_time":237395,"minecraft:fall_one_cm":32279},"minecraft:picked_up":{"minecraft:birch_log":8,"minecraft:birch_planks":1,"minecraft:flint":1,"minecraft:tuff":7,"minecraft:gunpowder":3,"minecraft:string":2,"minecraft:dirt":32,"minecraft:bone":24,"minecraft:bow":1,"minecraft:wheat_seeds":1,"minecraft:cobbled_deepslate":6,"minecraft:raw_gold":2,"minecraft:bucket":1,"minecraft:iron_pickaxe":1,"minecraft:birch_sapling":4,"minecraft:raw_iron":11,"minecraft:torch":6,"minecraft:gravel":1,"sophisticatedbackpacks:backpack":1,"minecraft:music_disc_11":1,"minecraft:arrow":20,"minecraft:rotten_flesh":31,"minecraft:diamond":2,"minecraft:blaze_rod":5,"minecraft:mutton":2,"minecraft:coal":51,"minecraft:white_wool":1,"minecraft:cobblestone":70,"minecraft:ender_pearl":6}},"DataVersion":3465}