{"stats":{"minecraft:used":{"minecraft:oak_fence":64,"minecraft:netherite_sword":429,"minecraft:iron_shovel":1,"minecraft:flint_and_steel":1,"minecraft:chest":2,"minecraft:shield":114,"minecraft:bell":1,"minecraft:stone_hoe":64,"minecraft:cooked_chicken":1,"minecraft:torch":62,"minecraft:iron_chestplate":1,"minecraft:brewing_stand":1,"minecraft:dirt":122,"minecraft:tuff":1,"minecraft:birch_door":9,"minecraft:lava_bucket":1,"minecraft:villager_spawn_egg":2,"minecraft:birch_sapling":4,"minecraft:iron_helmet":1,"minecraft:iron_boots":3,"minecraft:netherite_boots":1,"minecraft:bow":52,"minecraft:furnace":10,"minecraft:egg":2,"comforts:sleeping_bag_white":4,"minecraft:cooked_beef":5,"minecraft:cobbled_deepslate":48,"minecraft:enchanted_golden_apple":31,"minecraft:iron_leggings":1,"minecraft:wheat_seeds":262,"minecraft:water_bucket":14,"minecraft:diorite":15,"minecraft:birch_planks":2,"minecraft:stone_pickaxe":203,"minecraft:netherite_chestplate":1,"minecraft:wooden_pickaxe":53,"minecraft:composter":1,"minecraft:sugar_cane":31,"minecraft:fletching_table":15,"minecraft:white_wool":20,"minecraft:netherite_leggings":1,"minecraft:red_bed":6,"minecraft:crafting_table":14,"minecraft:crossbow":4,"minecraft:netherite_helmet":1,"minecraft:white_bed":2,"minecraft:shears":28,"minecraft:birch_slab":5,"minecraft:bread":12,"minecraft:iron_pickaxe":734,"minecraft:netherite_axe":313,"minecraft:lectern":5,"minecraft:cobblestone":93,"minecraft:andesite":6,"minecraft:chainmail_boots":1,"minecraft:white_banner":3,"minecraft:cooked_porkchop":99,"minecraft:bucket":16,"minecraft:birch_log":1,"minecraft:bone_meal":135},"minecraft:custom":{"minecraft:mob_kills":256,"minecraft:animals_bred":98,"minecraft:interact_with_crafting_table":32,"minecraft:open_barrel":5,"minecraft:bell_ring":31,"minecraft:damage_dealt_resisted":177,"minecraft:leave_game":14,"minecraft:time_since_death":29771,"minecraft:damage_resisted":362,"minecraft:climb_one_cm":2319,"minecraft:sprint_one_cm":1112597,"minecraft:walk_one_cm":1566573,"minecraft:damage_blocked_by_shield":2510,"minecraft:drop":53,"minecraft:damage_dealt_absorbed":90,"minecraft:talked_to_villager":37,"minecraft:raid_win":1,"minecraft:play_time":700706,"minecraft:sneak_time":8489,"minecraft:deaths":2,"minecraft:walk_under_water_one_cm":56635,"minecraft:jump":6594,"minecraft:walk_on_water_one_cm":107118,"minecraft:total_world_time":700706,"minecraft:interact_with_furnace":42,"minecraft:traded_with_villager":139,"minecraft:raid_trigger":1,"minecraft:sleep_in_bed":25,"minecraft:time_since_rest":15200,"minecraft:damage_taken":9326,"minecraft:damage_absorbed":836,"minecraft:damage_dealt":48492,"minecraft:player_kills":4,"minecraft:swim_one_cm":220203,"minecraft:fly_one_cm":1535605,"minecraft:open_chest":61,"minecraft:crouch_one_cm":15727,"minecraft:fall_one_cm":153268,"minecraft:horse_one_cm":128142},"minecraft:mined":{"minecraft:tuff":17,"minecraft:white_bed":1,"minecraft:deepslate_diamond_ore":10,"minecraft:brewing_stand":2,"minecraft:grass_block":22,"minecraft:composter":1,"minecraft:spawner":1,"comforts:sleeping_bag_white":1,"minecraft:furnace":6,"minecraft:iron_ore":60,"minecraft:fire":16,"minecraft:andesite":34,"minecraft:pumpkin":2,"minecraft:fletching_table":15,"minecraft:bell":1,"minecraft:deepslate_iron_ore":25,"minecraft:vine":2,"minecraft:stone":417,"minecraft:white_banner":3,"minecraft:white_wool":20,"minecraft:oak_fence":4,"minecraft:crafting_table":19,"minecraft:torch":15,"minecraft:emerald_ore":1,"minecraft:dead_bush":1,"minecraft:lectern":4,"minecraft:tall_grass":1,"minecraft:cobblestone":13,"minecraft:deepslate_gold_ore":1,"minecraft:oak_planks":1,"minecraft:sugar_cane":37,"minecraft:diorite":16,"minecraft:wall_torch":8,"minecraft:birch_planks":13,"minecraft:birch_log":27,"minecraft:birch_leaves":2,"minecraft:birch_door":7,"minecraft:grass":130,"minecraft:oak_log":141,"minecraft:coal_ore":200,"minecraft:gravel":20,"minecraft:dirt":50,"minecraft:cobweb":14,"minecraft:stonecutter":2,"minecraft:gold_ore":2,"minecraft:oak_leaves":3,"minecraft:deepslate":100},"minecraft:picked_up":{"minecraft:crafting_table":17,"minecraft:iron_chestplate":1,"minecraft:birch_door":8,"minecraft:wheat":117,"minecraft:chainmail_boots":2,"minecraft:brewing_stand":1,"reliquary:slime_pearl":1,"minecraft:string":52,"minecraft:iron_leggings":1,"minecraft:iron_shovel":3,"minecraft:pufferfish":1,"reliquary:chelicerae":1,"minecraft:cobbled_deepslate":105,"reliquary:zombie_heart":1,"minecraft:netherite_sword":1,"minecraft:bucket":2,"comforts:sleeping_bag_white":5,"minecraft:beef":54,"minecraft:iron_pickaxe":3,"minecraft:lectern":4,"minecraft:sugar_cane":60,"minecraft:birch_sapling":13,"minecraft:furnace":6,"minecraft:egg":2,"minecraft:tipped_arrow":9,"minecraft:stick":106,"minecraft:raw_iron":80,"reliquary:rib_bone":2,"minecraft:composter":1,"minecraft:oak_fence":4,"minecraft:torch":30,"sophisticatedbackpacks:backpack":2,"minecraft:porkchop":76,"minecraft:music_disc_11":1,"minecraft:diorite":16,"minecraft:carrot":1,"minecraft:redstone":2,"minecraft:arrow":103,"minecraft:rotten_flesh":228,"minecraft:saddle":2,"minecraft:blaze_rod":5,"minecraft:mutton":95,"minecraft:cod":1,"minecraft:white_wool":43,"minecraft:cobblestone":395,"minecraft:birch_log":30,"minecraft:andesite":33,"minecraft:brown_wool":1,"minecraft:leather":40,"minecraft:birch_planks":1,"minecraft:flint":4,"minecraft:tuff":17,"minecraft:oak_log":141,"minecraft:chainmail_chestplate":2,"minecraft:gunpowder":29,"minecraft:lapis_lazuli":7,"minecraft:dirt":185,"minecraft:white_banner":6,"minecraft:bone":115,"minecraft:apple":18,"minecraft:bow":8,"minecraft:stonecutter":2,"minecraft:wheat_seeds":327,"minecraft:raw_gold":2,"minecraft:bell":1,"minecraft:iron_ingot":5,"minecraft:fletching_table":15,"minecraft:oak_planks":94,"minecraft:cooked_porkchop":14,"minecraft:pumpkin":2,"minecraft:gravel":34,"minecraft:sand":6,"minecraft:grass_block":1,"minecraft:white_bed":1,"minecraft:spider_eye":27,"minecraft:iron_hoe":1,"minecraft:slime_ball":91,"minecraft:diamond":10,"minecraft:crossbow":1,"minecraft:granite":7,"minecraft:bone_meal":6,"minecraft:grass":8,"minecraft:chainmail_helmet":2,"minecraft:emerald":5,"minecraft:oak_sapling":92,"minecraft:black_wool":2,"minecraft:coal":301,"minecraft:ender_pearl":10},"minecraft:killed":{"minecraft:cave_spider":1,"minecraft:spider":13,"minecraft:vindicator":2,"minecraft:slime":36,"minecraft:skeleton":31,"minecraft:wolf":3,"minecraft:pig":16,"minecraft:zombie_villager":1,"minecraft:bat":1,"minecraft:ravager":1,"minecraft:creeper":10,"minecraft:sheep":24,"minecraft:pillager":8,"minecraft:zombie":80,"minecraft:wither_skeleton":1,"minecraft:villager":3,"minecraft:enderman":4,"minecraft:blaze":5,"minecraft:cow":12},"minecraft:broken":{"minecraft:iron_shovel":1,"minecraft:iron_boots":2,"minecraft:iron_chestplate":1,"minecraft:iron_leggings":1,"minecraft:chainmail_helmet":1,"minecraft:wooden_pickaxe":1,"minecraft:iron_pickaxe":2,"minecraft:iron_helmet":1,"minecraft:bow":2},"minecraft:dropped":{"minecraft:water_bucket":1,"minecraft:wheat_seeds":2,"minecraft:cooked_porkchop":19,"minecraft:granite":2,"minecraft:golden_apple":1,"minecraft:cod":1,"minecraft:diorite":3,"minecraft:mutton":2,"minecraft:bucket":2,"minecraft:bone":5,"minecraft:stone_axe":1,"minecraft:cobbled_deepslate":18,"minecraft:tuff":4,"minecraft:raw_iron":1,"minecraft:rotten_flesh":20,"minecraft:oak_planks":22,"minecraft:cooked_mutton":29,"minecraft:chainmail_chestplate":2,"minecraft:tipped_arrow":2,"minecraft:oak_sapling":1,"minecraft:spider_eye":1,"comforts:sleeping_bag_white":2,"minecraft:arrow":4},"minecraft:crafted":{"minecraft:oak_planks":820,"minecraft:redstone":20,"comforts:sleeping_bag_white":1,"minecraft:birch_slab":12,"minecraft:furnace":4,"minecraft:bone_meal":129,"minecraft:bookshelf":8,"minecraft:cooked_mutton":93,"minecraft:flint_and_steel":1,"minecraft:bow":2,"minecraft:iron_boots":1,"minecraft:ender_pearl":3,"minecraft:stone_pickaxe":4,"minecraft:chest":2,"minecraft:birch_door":3,"minecraft:stone_hoe":1,"minecraft:oak_fence":93,"minecraft:wheat":9,"minecraft:cooked_beef":5,"minecraft:oak_slab":6,"minecraft:emerald":108,"minecraft:cooked_porkchop":76,"minecraft:crafting_table":3,"minecraft:wooden_pickaxe":1,"minecraft:iron_helmet":1,"minecraft:fletching_table":9,"minecraft:bone":10,"minecraft:birch_planks":512,"minecraft:glowstone":8,"minecraft:air":0,"minecraft:lectern":1,"minecraft:iron_chestplate":1,"minecraft:book":3,"minecraft:paper":9,"minecraft:shield":1,"minecraft:stick":2240,"minecraft:iron_ingot":76,"minecraft:iron_pickaxe":3,"minecraft:iron_leggings":1,"minecraft:white_bed":1,"minecraft:composter":1,"minecraft:shears":1,"minecraft:lapis_lazuli":12}},"DataVersion":3465}