{"stats":{"minecraft:mined":{"minecraft:tuff":35,"minecraft:mossy_cobblestone":1,"minecraft:white_bed":1,"minecraft:deepslate_diamond_ore":15,"minecraft:brewing_stand":2,"minecraft:grass_block":22,"minecraft:composter":1,"minecraft:spawner":1,"comforts:sleeping_bag_white":1,"minecraft:furnace":8,"minecraft:iron_ore":74,"minecraft:fire":17,"minecraft:cobbled_deepslate":1,"minecraft:andesite":34,"minecraft:pumpkin":2,"minecraft:fletching_table":15,"minecraft:bell":1,"minecraft:deepslate_iron_ore":33,"minecraft:vine":2,"minecraft:stone":577,"minecraft:white_banner":3,"minecraft:white_wool":20,"minecraft:deepslate_redstone_ore":1,"minecraft:red_bed":2,"minecraft:oak_fence":4,"minecraft:crafting_table":23,"minecraft:torch":40,"minecraft:emerald_ore":1,"minecraft:dead_bush":1,"minecraft:lectern":4,"minecraft:tall_grass":1,"minecraft:cobblestone":20,"minecraft:deepslate_gold_ore":18,"minecraft:oak_planks":1,"minecraft:sugar_cane":72,"minecraft:diorite":27,"minecraft:wall_torch":24,"minecraft:birch_planks":13,"minecraft:birch_log":65,"minecraft:jungle_fence":1,"minecraft:birch_leaves":2,"minecraft:birch_door":10,"minecraft:grass":136,"minecraft:coal_ore":200,"minecraft:oak_log":291,"minecraft:sand":77,"minecraft:gravel":81,"minecraft:dirt":60,"minecraft:cobweb":14,"minecraft:stonecutter":2,"minecraft:gold_ore":9,"minecraft:deepslate":203,"minecraft:oak_leaves":7},"minecraft:used":{"minecraft:oak_fence":64,"minecraft:netherite_sword":637,"minecraft:iron_shovel":145,"minecraft:flint_and_steel":1,"minecraft:chest":2,"minecraft:shield":124,"minecraft:zombie_spawn_egg":4,"minecraft:cooked_salmon":7,"minecraft:bell":1,"minecraft:stone_hoe":64,"minecraft:cooked_chicken":1,"minecraft:torch":117,"minecraft:iron_chestplate":2,"minecraft:brewing_stand":1,"minecraft:dirt":240,"minecraft:tuff":1,"minecraft:birch_door":13,"minecraft:lava_bucket":1,"minecraft:villager_spawn_egg":4,"minecraft:birch_sapling":4,"minecraft:iron_helmet":1,"minecraft:iron_boots":3,"minecraft:netherite_boots":1,"minecraft:bow":52,"minecraft:furnace":12,"minecraft:egg":2,"comforts:sleeping_bag_white":4,"minecraft:enchanted_golden_apple":31,"minecraft:cooked_beef":7,"minecraft:cobbled_deepslate":64,"minecraft:iron_leggings":2,"minecraft:wheat_seeds":262,"minecraft:cooked_mutton":7,"minecraft:water_bucket":14,"minecraft:diorite":15,"minecraft:birch_planks":20,"minecraft:jungle_fence":5,"minecraft:stone_pickaxe":203,"minecraft:netherite_chestplate":1,"minecraft:birch_boat":1,"minecraft:wooden_pickaxe":53,"minecraft:composter":1,"minecraft:sugar_cane":31,"minecraft:fletching_table":15,"minecraft:cookie":5,"minecraft:white_wool":20,"minecraft:sand":4,"minecraft:netherite_leggings":1,"minecraft:red_bed":7,"minecraft:crafting_table":18,"minecraft:white_bed":3,"minecraft:crossbow":4,"minecraft:netherite_helmet":1,"minecraft:shears":28,"minecraft:birch_slab":5,"minecraft:bread":16,"minecraft:iron_pickaxe":1089,"minecraft:netherite_axe":549,"minecraft:lectern":6,"minecraft:gravel":7,"minecraft:dark_oak_fence":3,"minecraft:cobblestone":113,"minecraft:andesite":6,"minecraft:chainmail_boots":1,"minecraft:white_banner":3,"minecraft:cooked_porkchop":135,"minecraft:bucket":16,"minecraft:birch_log":1,"minecraft:splash_potion":16,"minecraft:bone_meal":135},"minecraft:custom":{"minecraft:mob_kills":414,"minecraft:animals_bred":108,"minecraft:interact_with_crafting_table":39,"minecraft:open_barrel":5,"minecraft:bell_ring":31,"minecraft:damage_dealt_resisted":321,"minecraft:leave_game":20,"minecraft:time_since_death":145705,"minecraft:damage_resisted":2616,"minecraft:climb_one_cm":2319,"minecraft:sprint_one_cm":1618371,"minecraft:walk_one_cm":2166048,"minecraft:damage_blocked_by_shield":2760,"minecraft:drop":56,"minecraft:damage_dealt_absorbed":130,"minecraft:talked_to_villager":90,"minecraft:raid_win":1,"minecraft:play_time":981866,"minecraft:sneak_time":13207,"minecraft:deaths":4,"minecraft:walk_under_water_one_cm":98279,"minecraft:boat_one_cm":179280,"minecraft:jump":8990,"minecraft:walk_on_water_one_cm":134733,"minecraft:total_world_time":981866,"minecraft:interact_with_furnace":56,"minecraft:traded_with_villager":216,"minecraft:raid_trigger":1,"minecraft:sleep_in_bed":34,"minecraft:time_since_rest":35871,"minecraft:damage_taken":13473,"minecraft:damage_absorbed":836,"minecraft:damage_dealt":82851,"minecraft:player_kills":4,"minecraft:swim_one_cm":453933,"minecraft:fly_one_cm":1990582,"minecraft:open_chest":87,"minecraft:crouch_one_cm":26726,"minecraft:fall_one_cm":219092,"minecraft:horse_one_cm":128142},"minecraft:crafted":{"minecraft:oak_planks":1420,"minecraft:redstone":20,"minecraft:rotten_flesh":186,"comforts:sleeping_bag_white":1,"minecraft:birch_boat":1,"minecraft:birch_slab":12,"minecraft:furnace":5,"minecraft:bone_meal":129,"minecraft:bookshelf":16,"minecraft:cooked_mutton":93,"minecraft:flint_and_steel":1,"minecraft:bow":3,"minecraft:iron_boots":1,"minecraft:ender_pearl":3,"minecraft:stone_pickaxe":4,"minecraft:chest":2,"minecraft:birch_door":3,"minecraft:stone_hoe":1,"minecraft:oak_fence":93,"sophisticatedbackpacks:iron_backpack":1,"minecraft:wheat":9,"minecraft:cooked_beef":71,"minecraft:oak_slab":6,"minecraft:emerald":177,"minecraft:cooked_porkchop":76,"minecraft:crafting_table":4,"minecraft:wooden_pickaxe":1,"minecraft:iron_helmet":1,"sophisticatedbackpacks:gold_backpack":1,"minecraft:fletching_table":9,"minecraft:bone":30,"minecraft:birch_planks":668,"minecraft:glowstone":8,"minecraft:air":0,"minecraft:lectern":1,"minecraft:book":3,"minecraft:iron_chestplate":2,"minecraft:paper":9,"minecraft:shield":1,"minecraft:stick":3706,"minecraft:iron_ingot":108,"minecraft:iron_pickaxe":3,"minecraft:gold_ingot":36,"minecraft:iron_leggings":2,"minecraft:white_bed":1,"minecraft:composter":1,"minecraft:shears":1,"minecraft:lapis_lazuli":12},"minecraft:killed":{"minecraft:cave_spider":1,"minecraft:witch":2,"minecraft:spider":26,"minecraft:vindicator":2,"minecraft:slime":36,"minecraft:skeleton":40,"minecraft:wolf":3,"minecraft:pig":16,"minecraft:zombie_villager":2,"minecraft:bat":1,"minecraft:ravager":1,"minecraft:creeper":20,"minecraft:sheep":24,"minecraft:pillager":8,"minecraft:zombie":197,"minecraft:wither_skeleton":1,"minecraft:villager":3,"minecraft:enderman":6,"minecraft:blaze":5,"minecraft:cow":16},"minecraft:dropped":{"minecraft:water_bucket":1,"minecraft:wheat_seeds":2,"minecraft:cooked_porkchop":19,"minecraft:granite":2,"minecraft:golden_apple":1,"minecraft:cod":1,"minecraft:diorite":3,"minecraft:mutton":2,"minecraft:iron_leggings":1,"minecraft:bucket":2,"minecraft:bone":5,"minecraft:stone_axe":1,"minecraft:cobbled_deepslate":18,"minecraft:tuff":4,"minecraft:raw_iron":1,"minecraft:rotten_flesh":20,"minecraft:oak_planks":26,"minecraft:cooked_mutton":29,"minecraft:chainmail_chestplate":2,"minecraft:tipped_arrow":2,"minecraft:oak_sapling":1,"minecraft:spider_eye":1,"comforts:sleeping_bag_white":2,"minecraft:arrow":4,"minecraft:raw_gold":12},"minecraft:picked_up":{"minecraft:iron_chestplate":1,"minecraft:birch_door":11,"minecraft:crafting_table":21,"minecraft:wheat":144,"minecraft:chainmail_boots":2,"magicaljewelry:gold_bracelet":4,"minecraft:brewing_stand":1,"reliquary:slime_pearl":1,"minecraft:string":87,"minecraft:red_bed":2,"minecraft:iron_leggings":3,"minecraft:iron_shovel":4,"minecraft:pufferfish":1,"reliquary:chelicerae":4,"minecraft:netherite_sword":1,"minecraft:cobbled_deepslate":220,"reliquary:zombie_heart":36,"minecraft:bucket":2,"comforts:sleeping_bag_white":5,"minecraft:beef":71,"minecraft:iron_pickaxe":3,"minecraft:lectern":4,"minecraft:sugar_cane":125,"minecraft:birch_sapling":30,"minecraft:furnace":8,"minecraft:egg":2,"minecraft:tipped_arrow":9,"minecraft:stick":196,"minecraft:raw_iron":100,"reliquary:catalyzing_gland":5,"reliquary:rib_bone":6,"minecraft:composter":1,"minecraft:oak_fence":4,"minecraft:torch":75,"sophisticatedbackpacks:backpack":3,"minecraft:porkchop":76,"minecraft:cookie":5,"minecraft:music_disc_11":1,"minecraft:diorite":27,"minecraft:carrot":3,"minecraft:redstone":6,"minecraft:arrow":139,"minecraft:rotten_flesh":627,"minecraft:saddle":2,"minecraft:gold_ingot":1,"minecraft:blaze_rod":5,"minecraft:mutton":95,"minecraft:cod":1,"minecraft:white_wool":43,"minecraft:cobblestone":563,"minecraft:birch_log":68,"minecraft:andesite":33,"minecraft:brown_wool":1,"minecraft:leather":47,"minecraft:jungle_fence":1,"minecraft:potato":2,"minecraft:birch_planks":4,"minecraft:flint":7,"minecraft:tuff":35,"minecraft:oak_log":291,"minecraft:chainmail_chestplate":2,"minecraft:gunpowder":61,"minecraft:lapis_lazuli":7,"minecraft:dirt":265,"minecraft:white_banner":6,"minecraft:bone":146,"minecraft:apple":29,"minecraft:bow":10,"minecraft:stonecutter":2,"minecraft:wheat_seeds":400,"minecraft:raw_gold":42,"minecraft:bell":1,"minecraft:iron_ingot":8,"magicaljewelry:gold_ring":1,"minecraft:fletching_table":15,"minecraft:glowstone_dust":8,"minecraft:iron_sword":1,"minecraft:oak_planks":238,"minecraft:cooked_porkchop":14,"minecraft:pumpkin":2,"minecraft:dandelion":1,"minecraft:gravel":109,"minecraft:sand":84,"minecraft:white_bed":2,"minecraft:grass_block":1,"minecraft:spider_eye":72,"magicaljewelry:gold_amulet":1,"minecraft:iron_hoe":1,"magicaljewelry:silver_ring":3,"minecraft:slime_ball":91,"minecraft:diamond":16,"minecraft:crossbow":1,"minecraft:granite":7,"minecraft:bone_meal":6,"minecraft:grass":8,"minecraft:chainmail_helmet":4,"minecraft:emerald":5,"minecraft:oak_sapling":181,"minecraft:black_wool":2,"minecraft:coal":373,"minecraft:ender_pearl":16},"minecraft:broken":{"minecraft:iron_shovel":1,"minecraft:iron_boots":2,"minecraft:iron_chestplate":2,"magicaljewelry:gold_amulet":1,"minecraft:iron_leggings":2,"minecraft:chainmail_helmet":1,"minecraft:wooden_pickaxe":1,"magicaljewelry:gold_bracelet":1,"minecraft:iron_pickaxe":3,"minecraft:iron_helmet":1,"minecraft:bow":2}},"DataVersion":3465}