{"stats":{"minecraft:mined":{"minecraft:white_bed":1,"minecraft:brewing_stand":2,"minecraft:obsidian":36,"minecraft:grass_block":45,"minecraft:composter":1,"minecraft:spawner":1,"comforts:sleeping_bag_white":1,"minecraft:cobbled_deepslate":1,"minecraft:iron_ore":74,"minecraft:fire":17,"minecraft:pumpkin":2,"minecraft:fletching_table":15,"minecraft:white_banner":3,"minecraft:deepslate_redstone_ore":2,"minecraft:red_bed":3,"minecraft:torch":53,"minecraft:dead_bush":2,"minecraft:cobblestone":23,"minecraft:sugar_cane":72,"minecraft:oak_planks":1,"minecraft:wall_torch":30,"minecraft:birch_log":66,"minecraft:birch_door":14,"minecraft:grass":146,"minecraft:oak_log":302,"minecraft:sand":77,"minecraft:dirt":61,"minecraft:stonecutter":2,"minecraft:oak_leaves":7,"minecraft:deepslate":223,"minecraft:tuff":35,"minecraft:mossy_cobblestone":1,"minecraft:deepslate_diamond_ore":15,"minecraft:oak_trapdoor":1,"minecraft:furnace":8,"minecraft:andesite":34,"minecraft:bell":1,"minecraft:deepslate_iron_ore":33,"minecraft:vine":2,"minecraft:stone":582,"minecraft:white_wool":20,"minecraft:basalt":27,"minecraft:oak_fence":4,"minecraft:crafting_table":23,"minecraft:emerald_ore":3,"minecraft:lectern":4,"minecraft:tall_grass":1,"minecraft:deepslate_gold_ore":18,"minecraft:diorite":27,"minecraft:birch_planks":13,"minecraft:birch_leaves":2,"minecraft:jungle_fence":1,"minecraft:coal_ore":200,"minecraft:gravel":81,"minecraft:cobweb":14,"minecraft:gold_ore":9},"minecraft:dropped":{"minecraft:cooked_porkchop":19,"minecraft:cod":1,"minecraft:dirt":9,"minecraft:mutton":2,"minecraft:bone":5,"minecraft:stone_axe":1,"minecraft:cobbled_deepslate":18,"minecraft:rotten_flesh":25,"minecraft:oak_planks":26,"minecraft:cooked_mutton":29,"minecraft:chainmail_chestplate":2,"minecraft:tipped_arrow":2,"comforts:sleeping_bag_white":2,"minecraft:arrow":4,"minecraft:water_bucket":1,"minecraft:wheat_seeds":2,"minecraft:granite":2,"minecraft:golden_apple":1,"minecraft:diorite":3,"minecraft:torch":7,"minecraft:iron_leggings":1,"minecraft:bucket":5,"minecraft:oak_trapdoor":2,"minecraft:tuff":4,"minecraft:raw_iron":1,"minecraft:oak_sapling":1,"minecraft:spider_eye":1,"minecraft:raw_gold":12},"minecraft:killed_by":{"minecraft:ghast":1},"minecraft:broken":{"minecraft:iron_shovel":1,"minecraft:iron_boots":2,"minecraft:iron_chestplate":3,"magicaljewelry:gold_amulet":1,"minecraft:iron_leggings":2,"minecraft:bow":2,"minecraft:chainmail_helmet":2,"minecraft:wooden_pickaxe":1,"magicaljewelry:gold_bracelet":2,"minecraft:iron_pickaxe":4,"minecraft:iron_helmet":1},"minecraft:picked_up":{"minecraft:birch_door":15,"minecraft:iron_chestplate":1,"minecraft:wheat":144,"minecraft:chainmail_boots":3,"minecraft:brewing_stand":1,"minecraft:golden_sword":1,"reliquary:slime_pearl":1,"minecraft:string":95,"minecraft:iron_leggings":4,"minecraft:pufferfish":1,"minecraft:gold_nugget":11,"minecraft:cobbled_deepslate":242,"reliquary:zombie_heart":55,"minecraft:bucket":4,"comforts:sleeping_bag_white":5,"minecraft:iron_pickaxe":4,"minecraft:iron_boots":2,"minecraft:furnace":8,"minecraft:tipped_arrow":9,"minecraft:stick":196,"minecraft:composter":1,"minecraft:oak_fence":4,"minecraft:torch":110,"minecraft:porkchop":76,"minecraft:diorite":27,"minecraft:stone_sword":1,"minecraft:rotten_flesh":796,"magicaljewelry:silver_amulet":1,"minecraft:blaze_rod":5,"minecraft:obsidian":34,"minecraft:cod":1,"minecraft:cobblestone":569,"minecraft:birch_log":68,"minecraft:feather":1,"minecraft:andesite":33,"minecraft:brown_wool":1,"minecraft:potato":2,"minecraft:flint":7,"minecraft:tuff":35,"minecraft:dirt":288,"minecraft:lapis_lazuli":7,"minecraft:bone":167,"minecraft:stonecutter":2,"minecraft:bow":10,"minecraft:wheat_seeds":405,"minecraft:raw_gold":42,"minecraft:bell":1,"magicaljewelry:gold_ring":3,"magicaljewelry:silver_bracelet":1,"minecraft:fletching_table":15,"minecraft:glowstone_dust":8,"minecraft:oak_planks":238,"minecraft:cooked_porkchop":14,"minecraft:sand":84,"minecraft:grass_block":1,"minecraft:iron_hoe":2,"minecraft:diamond":17,"minecraft:grass":8,"minecraft:crossbow":1,"minecraft:granite":7,"minecraft:bone_meal":6,"minecraft:emerald":7,"minecraft:chainmail_helmet":5,"minecraft:oak_sapling":181,"reliquary:withered_rib":1,"minecraft:crafting_table":21,"magicaljewelry:gold_bracelet":4,"minecraft:red_bed":3,"minecraft:oak_trapdoor":4,"minecraft:iron_shovel":4,"reliquary:chelicerae":5,"minecraft:netherite_sword":1,"minecraft:beef":71,"minecraft:lectern":4,"minecraft:sugar_cane":126,"minecraft:birch_sapling":30,"minecraft:egg":3,"minecraft:raw_iron":100,"reliquary:catalyzing_gland":5,"reliquary:rib_bone":8,"sophisticatedbackpacks:backpack":3,"minecraft:cookie":5,"minecraft:music_disc_11":1,"minecraft:carrot":3,"minecraft:redstone":20,"minecraft:arrow":164,"minecraft:gold_ingot":1,"minecraft:saddle":2,"minecraft:mutton":95,"minecraft:white_wool":43,"minecraft:basalt":27,"minecraft:leather":47,"minecraft:jungle_fence":1,"minecraft:red_mushroom":3,"minecraft:birch_planks":4,"minecraft:oak_log":302,"minecraft:chainmail_chestplate":2,"minecraft:gunpowder":70,"minecraft:paper":2,"minecraft:white_banner":6,"minecraft:apple":29,"minecraft:iron_ingot":10,"minecraft:iron_sword":2,"minecraft:pumpkin":2,"minecraft:dandelion":1,"minecraft:gravel":109,"minecraft:white_bed":2,"magicaljewelry:gold_amulet":1,"minecraft:spider_eye":80,"magicaljewelry:silver_ring":6,"minecraft:slime_ball":91,"minecraft:chainmail_leggings":1,"minecraft:black_wool":2,"minecraft:coal":374,"minecraft:ender_pearl":16},"minecraft:used":{"minecraft:iron_shovel":145,"minecraft:chest":2,"minecraft:shield":124,"minecraft:zombie_spawn_egg":26,"minecraft:bell":1,"minecraft:rotten_flesh":5,"minecraft:iron_chestplate":2,"minecraft:tuff":1,"minecraft:obsidian":12,"minecraft:lava_bucket":3,"minecraft:villager_spawn_egg":5,"minecraft:birch_sapling":4,"minecraft:iron_helmet":1,"minecraft:netherite_boots":1,"minecraft:bow":61,"minecraft:furnace":12,"minecraft:egg":3,"minecraft:diorite":15,"minecraft:stone_pickaxe":203,"minecraft:jungle_fence":13,"minecraft:wooden_pickaxe":53,"minecraft:composter":1,"minecraft:sugar_cane":31,"minecraft:cookie":5,"minecraft:white_wool":20,"minecraft:sand":4,"minecraft:netherite_leggings":1,"minecraft:crossbow":4,"minecraft:netherite_helmet":1,"minecraft:shears":28,"minecraft:birch_slab":5,"minecraft:bread":16,"minecraft:lectern":8,"minecraft:gravel":7,"minecraft:chainmail_boots":1,"minecraft:dark_oak_fence":3,"minecraft:birch_log":1,"minecraft:andesite":6,"minecraft:bone_meal":135,"minecraft:oak_trapdoor":1,"minecraft:oak_fence":64,"minecraft:netherite_sword":731,"minecraft:flint_and_steel":2,"minecraft:zombie_villager_spawn_egg":4,"minecraft:cooked_salmon":7,"minecraft:stone_hoe":64,"minecraft:cooked_chicken":1,"minecraft:torch":144,"minecraft:brewing_stand":1,"minecraft:dirt":257,"minecraft:birch_door":17,"minecraft:bookshelf":19,"minecraft:iron_boots":3,"minecraft:basalt":10,"comforts:sleeping_bag_white":4,"minecraft:cooked_beef":9,"minecraft:cobbled_deepslate":86,"minecraft:enchanted_golden_apple":31,"minecraft:iron_leggings":2,"minecraft:wheat_seeds":262,"minecraft:cooked_mutton":39,"minecraft:water_bucket":17,"minecraft:birch_planks":21,"minecraft:netherite_chestplate":1,"minecraft:birch_boat":1,"minecraft:fletching_table":15,"minecraft:crafting_table":18,"minecraft:red_bed":8,"minecraft:white_bed":3,"minecraft:diamond_pickaxe":44,"minecraft:iron_pickaxe":1146,"minecraft:netherite_axe":553,"minecraft:cobblestone":180,"minecraft:white_banner":3,"minecraft:cooked_porkchop":135,"minecraft:bucket":20,"minecraft:splash_potion":165},"minecraft:killed":{"minecraft:cave_spider":1,"minecraft:zombified_piglin":4,"minecraft:witch":2,"minecraft:spider":29,"minecraft:skeleton":49,"minecraft:chicken":2,"minecraft:wolf":3,"minecraft:pig":16,"minecraft:zombie_villager":4,"minecraft:creeper":21,"minecraft:sheep":24,"minecraft:pillager":8,"minecraft:zombie":257,"minecraft:cow":16,"minecraft:blaze":5,"minecraft:vindicator":2,"minecraft:slime":36,"minecraft:bat":1,"minecraft:frog":1,"minecraft:ravager":1,"minecraft:wither_skeleton":2,"minecraft:villager":3,"minecraft:enderman":6},"minecraft:crafted":{"minecraft:oak_planks":1428,"minecraft:rotten_flesh":186,"minecraft:birch_boat":1,"minecraft:birch_slab":12,"minecraft:bookshelf":20,"minecraft:cooked_mutton":93,"minecraft:bow":3,"minecraft:iron_boots":1,"minecraft:chest":2,"minecraft:birch_door":3,"minecraft:stone_hoe":1,"minecraft:oak_fence":93,"minecraft:oak_slab":6,"minecraft:emerald":177,"minecraft:cooked_porkchop":76,"minecraft:crafting_table":4,"minecraft:wooden_pickaxe":1,"minecraft:iron_helmet":1,"minecraft:fletching_table":9,"minecraft:oak_wood":6,"minecraft:birch_planks":668,"minecraft:lectern":1,"minecraft:iron_chestplate":2,"minecraft:book":31,"minecraft:paper":91,"minecraft:diamond_pickaxe":1,"minecraft:shield":1,"minecraft:stick":3714,"minecraft:iron_ingot":108,"minecraft:iron_pickaxe":3,"minecraft:gold_ingot":36,"minecraft:composter":1,"minecraft:shears":1,"minecraft:redstone":20,"comforts:sleeping_bag_white":1,"minecraft:furnace":5,"minecraft:bone_meal":129,"minecraft:flint_and_steel":1,"minecraft:ender_pearl":3,"minecraft:stone_pickaxe":4,"minecraft:wheat":9,"sophisticatedbackpacks:iron_backpack":1,"minecraft:cooked_beef":71,"minecraft:enchanting_table":1,"sophisticatedbackpacks:gold_backpack":1,"minecraft:bone":30,"minecraft:glowstone":8,"minecraft:air":0,"minecraft:iron_leggings":2,"minecraft:white_bed":1,"minecraft:lapis_lazuli":12},"minecraft:custom":{"minecraft:animals_bred":108,"minecraft:interact_with_crafting_table":57,"minecraft:open_barrel":5,"minecraft:bell_ring":31,"minecraft:leave_game":24,"minecraft:time_since_death":9148,"minecraft:damage_resisted":4176,"minecraft:sprint_one_cm":1881155,"minecraft:damage_blocked_by_shield":2760,"minecraft:drop":70,"minecraft:talked_to_villager":123,"minecraft:play_time":1181723,"minecraft:deaths":9,"minecraft:jump":10158,"minecraft:walk_on_water_one_cm":160691,"minecraft:interact_with_furnace":56,"minecraft:traded_with_villager":220,"minecraft:sleep_in_bed":43,"minecraft:damage_dealt":98480,"minecraft:player_kills":4,"minecraft:crouch_one_cm":40596,"minecraft:horse_one_cm":128142,"minecraft:mob_kills":500,"minecraft:damage_dealt_resisted":321,"minecraft:climb_one_cm":4738,"minecraft:walk_one_cm":2590677,"minecraft:damage_dealt_absorbed":130,"minecraft:raid_win":1,"minecraft:sneak_time":16128,"minecraft:walk_under_water_one_cm":121409,"minecraft:boat_one_cm":254423,"minecraft:total_world_time":1181723,"minecraft:raid_trigger":1,"minecraft:time_since_rest":9186,"minecraft:damage_taken":17077,"minecraft:damage_absorbed":836,"minecraft:swim_one_cm":594167,"minecraft:fly_one_cm":2374212,"minecraft:open_chest":102,"minecraft:fall_one_cm":264321}},"DataVersion":3465}