{"stats":{"minecraft:used":{"minecraft:netherite_chestplate":1,"minecraft:netherite_boots":1,"minecraft:netherite_helmet":1,"minecraft:netherite_leggings":1,"minecraft:red_bed":3},"minecraft:custom":{"minecraft:jump":96,"minecraft:time_since_rest":18359,"minecraft:leave_game":4,"minecraft:play_time":61665,"minecraft:sprint_one_cm":36109,"minecraft:walk_on_water_one_cm":70,"minecraft:time_since_death":61665,"minecraft:walk_one_cm":10104,"minecraft:sleep_in_bed":2,"minecraft:sneak_time":44,"minecraft:total_world_time":61665,"minecraft:swim_one_cm":2397,"minecraft:fly_one_cm":295511}},"DataVersion":3465}