{"stats":{"minecraft:crafted":{"minecraft:oak_planks":1560,"minecraft:rotten_flesh":186,"minecraft:birch_boat":1,"minecraft:birch_slab":12,"sophisticatedbackpacks:crafting_upgrade":1,"minecraft:bookshelf":20,"minecraft:cooked_mutton":93,"minecraft:hopper":1,"minecraft:bow":3,"minecraft:iron_boots":1,"minecraft:chest":4,"minecraft:birch_door":3,"minecraft:stone_hoe":1,"minecraft:oak_fence":93,"magicaljewelry:gold_bracelet":1,"uncraftingtable76:uncraftingtable":1,"torchmaster:megatorch":1,"minecraft:oak_slab":6,"minecraft:emerald":177,"minecraft:cooked_porkchop":76,"enchantinginfuser:enchanting_infuser":1,"minecraft:crafting_table":4,"minecraft:iron_helmet":1,"minecraft:wooden_pickaxe":1,"minecraft:baked_potato":118,"minecraft:fletching_table":9,"minecraft:gold_block":2,"minecraft:oak_wood":6,"minecraft:birch_planks":668,"sophisticatedbackpacks:upgrade_base":1,"minecraft:lectern":1,"minecraft:iron_chestplate":3,"minecraft:book":31,"minecraft:paper":133,"minecraft:diamond_pickaxe":1,"minecraft:shield":1,"minecraft:stick":3714,"minecraft:iron_ingot":161,"minecraft:iron_pickaxe":3,"minecraft:gold_ingot":45,"minecraft:composter":1,"minecraft:shears":1,"minecraft:redstone":20,"comforts:sleeping_bag_white":1,"minecraft:furnace":5,"minecraft:bone_meal":321,"minecraft:flint_and_steel":1,"minecraft:ender_pearl":3,"minecraft:stone_pickaxe":4,"sophisticatedbackpacks:iron_backpack":1,"minecraft:wheat":9,"minecraft:cooked_beef":98,"minecraft:enchanting_table":1,"sophisticatedbackpacks:gold_backpack":1,"minecraft:golden_shovel":1,"minecraft:bone":30,"minecraft:glowstone":8,"minecraft:air":0,"minecraft:bread":16,"minecraft:iron_leggings":2,"minecraft:anvil":1,"minecraft:white_bed":1,"minecraft:lapis_lazuli":12},"minecraft:broken":{"minecraft:golden_helmet":1,"minecraft:iron_shovel":1,"minecraft:diamond_helmet":1,"magicaljewelry:gold_ring":1,"minecraft:iron_boots":3,"minecraft:iron_chestplate":3,"magicaljewelry:gold_amulet":1,"minecraft:golden_shovel":1,"minecraft:iron_leggings":3,"magicaljewelry:silver_ring":1,"minecraft:bow":2,"magicaljewelry:silver_amulet":1,"minecraft:chainmail_helmet":2,"minecraft:wooden_pickaxe":1,"minecraft:golden_axe":1,"magicaljewelry:silver_bracelet":1,"magicaljewelry:gold_bracelet":3,"minecraft:iron_pickaxe":4,"minecraft:iron_helmet":1},"minecraft:mined":{"minecraft:white_bed":1,"minecraft:brewing_stand":2,"minecraft:obsidian":36,"minecraft:granite":17,"minecraft:chiseled_polished_blackstone":3,"minecraft:grass_block":84,"minecraft:cracked_polished_blackstone_bricks":27,"minecraft:composter":1,"minecraft:spawner":1,"comforts:sleeping_bag_white":1,"minecraft:polished_blackstone_bricks":46,"minecraft:magma_block":15,"minecraft:iron_ore":80,"minecraft:cobbled_deepslate":1,"minecraft:fire":24,"minecraft:pumpkin":2,"minecraft:fletching_table":15,"minecraft:white_banner":3,"minecraft:deepslate_redstone_ore":2,"minecraft:blackstone":52,"minecraft:red_bed":3,"minecraft:soul_fire":4,"minecraft:torch":84,"minecraft:dead_bush":2,"minecraft:smooth_quartz_slab":1,"minecraft:nether_quartz_ore":49,"minecraft:cobblestone":23,"minecraft:sugar_cane":114,"minecraft:oak_planks":1,"minecraft:wall_torch":42,"minecraft:birch_log":66,"minecraft:wheat":54,"minecraft:birch_door":31,"minecraft:grass":152,"minecraft:oak_log":332,"minecraft:sand":79,"minecraft:dirt":71,"minecraft:ancient_debris":4,"minecraft:stonecutter":2,"minecraft:netherrack":1593,"minecraft:oak_leaves":7,"minecraft:deepslate":351,"minecraft:nether_gold_ore":5,"minecraft:crying_obsidian":3,"minecraft:tuff":72,"minecraft:mossy_cobblestone":1,"minecraft:deepslate_diamond_ore":34,"minecraft:nether_bricks":8,"uncraftingtable76:uncraftingtable":7,"minecraft:oak_trapdoor":1,"minecraft:furnace":8,"minecraft:andesite":43,"minecraft:gold_block":41,"minecraft:bell":1,"minecraft:deepslate_iron_ore":33,"minecraft:vine":2,"minecraft:stone":868,"minecraft:white_wool":20,"minecraft:basalt":28,"minecraft:oak_fence":4,"minecraft:crafting_table":26,"minecraft:emerald_ore":3,"minecraft:lectern":4,"minecraft:tall_grass":2,"minecraft:copper_ore":5,"minecraft:deepslate_gold_ore":18,"minecraft:diorite":45,"minecraft:air":3,"minecraft:birch_planks":13,"minecraft:birch_leaves":2,"minecraft:jungle_fence":1,"minecraft:coal_ore":200,"minecraft:gravel":92,"minecraft:cobweb":16,"minecraft:gold_ore":9},"minecraft:killed_by":{"minecraft:ghast":1},"minecraft:dropped":{"minecraft:porkchop":4,"minecraft:cooked_beef":5,"minecraft:diamond":12,"minecraft:cooked_porkchop":19,"minecraft:leather":1,"minecraft:cod":1,"minecraft:cracked_polished_blackstone_bricks":13,"magicaljewelry:gold_bracelet":1,"minecraft:dirt":9,"reliquary:witch_hat":1,"minecraft:mutton":2,"minecraft:gold_nugget":42,"minecraft:polished_blackstone_bricks":28,"minecraft:gold_ingot":7,"minecraft:bone":5,"minecraft:gravel":5,"minecraft:stone_axe":1,"minecraft:cobbled_deepslate":20,"minecraft:pointed_dripstone":13,"minecraft:rotten_flesh":31,"minecraft:oak_planks":26,"minecraft:cooked_mutton":29,"minecraft:chainmail_chestplate":2,"minecraft:tipped_arrow":2,"comforts:sleeping_bag_white":2,"minecraft:arrow":7,"minecraft:netherrack":1525,"minecraft:enchanted_book":1,"minecraft:water_bucket":1,"minecraft:wheat_seeds":2,"minecraft:dripstone_block":3,"minecraft:cobblestone":129,"minecraft:spectral_arrow":2,"minecraft:granite":13,"minecraft:chainmail_helmet":1,"minecraft:golden_apple":1,"minecraft:diorite":3,"minecraft:torch":7,"minecraft:nether_wart_block":9,"minecraft:iron_leggings":1,"minecraft:chainmail_leggings":1,"minecraft:bucket":5,"minecraft:oak_trapdoor":2,"minecraft:raw_copper":76,"minecraft:tuff":4,"magicaljewelry:silver_bracelet":2,"minecraft:raw_iron":1,"minecraft:nether_bricks":2,"magicaljewelry:silver_ring":7,"minecraft:potato":192,"minecraft:shield":2,"minecraft:diamond_pickaxe":1,"minecraft:andesite":9,"minecraft:oak_sapling":1,"minecraft:golden_sword":1,"minecraft:spider_eye":1,"minecraft:bow":1,"minecraft:raw_gold":12,"minecraft:magma_block":11},"minecraft:killed":{"minecraft:cave_spider":1,"minecraft:zombified_piglin":120,"minecraft:witch":2,"minecraft:spider":32,"minecraft:skeleton":61,"minecraft:chicken":4,"minecraft:piglin_brute":10,"minecraft:magma_cube":29,"minecraft:wolf":3,"minecraft:piglin":16,"minecraft:pig":16,"minecraft:zombie_villager":4,"minecraft:creeper":24,"minecraft:sheep":24,"minecraft:pillager":8,"minecraft:zombie":512,"minecraft:ghast":2,"minecraft:cow":23,"minecraft:blaze":21,"minecraft:vindicator":2,"minecraft:slime":36,"minecraft:bat":1,"minecraft:frog":1,"minecraft:ravager":1,"minecraft:hoglin":1,"minecraft:wither_skeleton":38,"minecraft:villager":3,"minecraft:enderman":7},"minecraft:used":{"minecraft:iron_shovel":145,"minecraft:smooth_quartz_slab":1,"minecraft:chest":2,"minecraft:nether_wart":2,"minecraft:shield":124,"minecraft:zombie_spawn_egg":26,"minecraft:bell":1,"minecraft:rotten_flesh":5,"minecraft:iron_chestplate":3,"minecraft:soul_sand":1,"minecraft:tuff":1,"minecraft:obsidian":12,"minecraft:lava_bucket":3,"minecraft:villager_spawn_egg":5,"minecraft:birch_sapling":10,"minecraft:iron_helmet":1,"minecraft:netherite_boots":1,"minecraft:golden_sword":1,"minecraft:bow":67,"minecraft:furnace":12,"minecraft:egg":4,"minecraft:potato":17,"minecraft:diorite":15,"minecraft:diamond_boots":1,"minecraft:stone_pickaxe":203,"minecraft:jungle_fence":13,"minecraft:blackstone":2,"minecraft:wooden_pickaxe":53,"minecraft:composter":2,"minecraft:chainmail_helmet":1,"minecraft:sugar_cane":31,"minecraft:cookie":20,"minecraft:white_wool":20,"minecraft:sand":6,"minecraft:netherite_leggings":1,"minecraft:crossbow":4,"minecraft:netherite_helmet":1,"minecraft:shears":28,"minecraft:birch_slab":5,"minecraft:bread":32,"minecraft:lectern":8,"minecraft:gravel":11,"minecraft:chainmail_boots":2,"minecraft:dark_oak_fence":3,"minecraft:andesite":6,"minecraft:birch_log":1,"minecraft:bone_meal":338,"minecraft:oak_fence":64,"minecraft:oak_trapdoor":1,"minecraft:netherite_sword":1321,"minecraft:flint_and_steel":2,"minecraft:zombie_villager_spawn_egg":4,"minecraft:wither_skeleton_spawn_egg":6,"minecraft:cooked_salmon":7,"minecraft:stone_hoe":64,"minecraft:cooked_chicken":1,"minecraft:netherrack":80,"minecraft:torch":224,"minecraft:brewing_stand":1,"minecraft:dirt":312,"minecraft:hopper":1,"minecraft:diamond_helmet":1,"minecraft:golden_shovel":34,"minecraft:granite":6,"minecraft:birch_door":35,"minecraft:bookshelf":39,"minecraft:iron_boots":3,"minecraft:diamond_chestplate":2,"minecraft:basalt":10,"torchmaster:megatorch":1,"comforts:sleeping_bag_white":4,"minecraft:cooked_beef":48,"minecraft:cobbled_deepslate":124,"minecraft:enchanted_golden_apple":31,"minecraft:golden_axe":1,"minecraft:iron_leggings":2,"minecraft:wheat_seeds":299,"minecraft:cooked_mutton":64,"minecraft:water_bucket":17,"minecraft:birch_planks":21,"minecraft:netherite_chestplate":1,"minecraft:baked_potato":68,"minecraft:birch_boat":1,"minecraft:fletching_table":15,"minecraft:polished_blackstone_bricks":2,"minecraft:red_bed":8,"minecraft:crafting_table":19,"minecraft:white_bed":8,"minecraft:diamond_pickaxe":2469,"minecraft:cracked_polished_blackstone_bricks":2,"minecraft:iron_pickaxe":1151,"minecraft:netherite_axe":630,"enchantinginfuser:enchanting_infuser":1,"minecraft:cobblestone":189,"minecraft:white_banner":3,"minecraft:cooked_porkchop":136,"minecraft:bucket":20,"minecraft:diamond_leggings":6,"minecraft:splash_potion":166,"uncraftingtable76:uncraftingtable":8,"minecraft:chainmail_leggings":4},"minecraft:custom":{"minecraft:animals_bred":108,"minecraft:interact_with_crafting_table":91,"minecraft:open_barrel":11,"minecraft:bell_ring":31,"minecraft:leave_game":25,"minecraft:time_since_death":94607,"minecraft:damage_resisted":5505,"minecraft:sprint_one_cm":2603372,"minecraft:damage_blocked_by_shield":2760,"minecraft:drop":164,"minecraft:talked_to_villager":128,"minecraft:play_time":1662864,"minecraft:deaths":17,"minecraft:jump":14745,"minecraft:walk_on_water_one_cm":201110,"minecraft:enchant_item":1,"minecraft:interact_with_furnace":85,"minecraft:traded_with_villager":220,"minecraft:sleep_in_bed":58,"minecraft:damage_dealt":212926,"minecraft:player_kills":6,"minecraft:crouch_one_cm":80041,"minecraft:horse_one_cm":128142,"minecraft:mob_kills":1020,"minecraft:inspect_hopper":6,"minecraft:damage_dealt_resisted":638,"minecraft:climb_one_cm":7824,"minecraft:walk_one_cm":3586582,"minecraft:damage_dealt_absorbed":290,"minecraft:raid_win":1,"minecraft:sneak_time":34960,"minecraft:walk_under_water_one_cm":202555,"minecraft:boat_one_cm":254423,"minecraft:total_world_time":1662864,"minecraft:raid_trigger":1,"minecraft:time_since_rest":94337,"minecraft:damage_absorbed":836,"minecraft:damage_taken":29857,"minecraft:swim_one_cm":944918,"minecraft:fly_one_cm":3337397,"minecraft:open_chest":166,"minecraft:fall_one_cm":399184},"minecraft:picked_up":{"minecraft:birch_door":33,"minecraft:iron_chestplate":4,"minecraft:wheat":190,"minecraft:chainmail_boots":5,"minecraft:enchanted_book":2,"minecraft:brewing_stand":1,"reliquary:slime_pearl":2,"minecraft:golden_sword":15,"minecraft:string":106,"minecraft:raw_copper":132,"minecraft:iron_leggings":4,"minecraft:pufferfish":1,"minecraft:gold_nugget":332,"minecraft:cobbled_deepslate":374,"reliquary:zombie_heart":166,"minecraft:bucket":4,"comforts:sleeping_bag_white":5,"minecraft:iron_pickaxe":8,"minecraft:furnace":8,"minecraft:iron_boots":4,"minecraft:golden_helmet":1,"minecraft:tipped_arrow":9,"minecraft:stick":217,"minecraft:composter":1,"minecraft:oak_fence":4,"minecraft:torch":161,"uncraftingtable76:uncraftingtable":8,"minecraft:porkchop":80,"minecraft:golden_axe":2,"minecraft:pointed_dripstone":13,"minecraft:diorite":45,"minecraft:stone_sword":9,"minecraft:rotten_flesh":1940,"magicaljewelry:silver_amulet":5,"minecraft:blaze_rod":55,"minecraft:obsidian":34,"minecraft:cod":1,"minecraft:cobblestone":839,"minecraft:birch_log":68,"minecraft:magma_block":15,"minecraft:magma_cream":14,"minecraft:feather":7,"minecraft:cooked_beef":2,"minecraft:andesite":51,"minecraft:brown_wool":1,"reliquary:molten_core":8,"minecraft:potato":536,"minecraft:flint":15,"minecraft:tuff":72,"minecraft:wither_skeleton_skull":6,"minecraft:lapis_lazuli":7,"minecraft:dirt":386,"minecraft:leather_boots":3,"minecraft:bone":328,"minecraft:stonecutter":2,"minecraft:bow":12,"minecraft:wheat_seeds":757,"minecraft:raw_gold":42,"minecraft:bell":1,"magicaljewelry:gold_ring":13,"minecraft:netherite_axe":1,"magicaljewelry:silver_bracelet":6,"minecraft:fletching_table":15,"minecraft:glowstone_dust":8,"minecraft:oak_planks":238,"minecraft:ghast_tear":10,"minecraft:chiseled_polished_blackstone":3,"minecraft:cooked_porkchop":14,"minecraft:poisonous_potato":1,"minecraft:sand":86,"minecraft:grass_block":1,"minecraft:spectral_arrow":10,"minecraft:iron_hoe":2,"minecraft:diamond":117,"minecraft:cracked_polished_blackstone_bricks":27,"minecraft:crossbow":2,"minecraft:granite":24,"minecraft:grass":8,"minecraft:bone_meal":16,"minecraft:emerald":7,"minecraft:chainmail_helmet":6,"reliquary:witch_hat":6,"minecraft:oak_sapling":221,"minecraft:netherrack":1946,"reliquary:withered_rib":16,"minecraft:crafting_table":24,"minecraft:chicken":7,"minecraft:nether_wart":9,"minecraft:leather_leggings":2,"magicaljewelry:gold_bracelet":9,"minecraft:gold_block":41,"minecraft:shield":3,"minecraft:oak_trapdoor":4,"minecraft:red_bed":3,"minecraft:iron_shovel":5,"minecraft:blackstone":54,"reliquary:chelicerae":5,"minecraft:netherite_sword":6,"minecraft:beef":98,"minecraft:lectern":4,"minecraft:sugar_cane":210,"minecraft:birch_sapling":36,"minecraft:egg":4,"minecraft:raw_iron":136,"reliquary:catalyzing_gland":5,"reliquary:rib_bone":9,"sophisticatedbackpacks:backpack":8,"minecraft:polished_blackstone_bricks":46,"minecraft:cookie":20,"minecraft:music_disc_11":1,"minecraft:carrot":4,"minecraft:redstone":20,"minecraft:arrow":197,"minecraft:nether_bricks":3,"minecraft:saddle":2,"minecraft:gold_ingot":10,"minecraft:mutton":95,"minecraft:white_wool":43,"minecraft:basalt":28,"minecraft:leather":83,"minecraft:jungle_fence":1,"minecraft:red_mushroom":3,"minecraft:birch_planks":4,"minecraft:ancient_debris":4,"minecraft:oak_log":337,"minecraft:chainmail_chestplate":5,"minecraft:nether_wart_block":9,"minecraft:golden_boots":2,"minecraft:gunpowder":83,"minecraft:paper":2,"minecraft:white_banner":6,"minecraft:apple":34,"minecraft:iron_ingot":15,"minecraft:iron_sword":5,"minecraft:soul_sand":1,"minecraft:book":7,"minecraft:pumpkin":2,"minecraft:quartz":218,"minecraft:dandelion":1,"minecraft:dripstone_block":3,"minecraft:gravel":154,"minecraft:white_bed":2,"minecraft:crying_obsidian":6,"magicaljewelry:gold_amulet":1,"minecraft:spider_eye":84,"magicaljewelry:silver_ring":16,"minecraft:slime_ball":91,"minecraft:chainmail_leggings":6,"reliquary:eye_of_the_storm":3,"minecraft:smooth_quartz_slab":1,"minecraft:black_wool":2,"minecraft:coal":481,"minecraft:ender_pearl":21}},"DataVersion":3465}