{"stats":{"minecraft:used":{"minecraft:oak_fence":64,"minecraft:netherite_sword":294,"minecraft:iron_shovel":1,"minecraft:flint_and_steel":1,"minecraft:shield":93,"minecraft:stone_hoe":50,"minecraft:cooked_chicken":1,"minecraft:iron_chestplate":1,"minecraft:torch":50,"minecraft:dirt":99,"minecraft:tuff":1,"minecraft:birch_door":9,"minecraft:lava_bucket":1,"minecraft:birch_sapling":4,"minecraft:iron_helmet":1,"minecraft:iron_boots":2,"minecraft:netherite_boots":1,"minecraft:bow":46,"minecraft:furnace":4,"minecraft:egg":2,"comforts:sleeping_bag_white":4,"minecraft:cobbled_deepslate":48,"minecraft:enchanted_golden_apple":30,"minecraft:iron_leggings":1,"minecraft:wheat_seeds":45,"minecraft:water_bucket":6,"minecraft:diorite":15,"minecraft:stone_pickaxe":203,"minecraft:netherite_chestplate":1,"minecraft:wooden_pickaxe":53,"minecraft:white_wool":20,"minecraft:netherite_leggings":1,"minecraft:crafting_table":10,"minecraft:red_bed":6,"minecraft:netherite_helmet":1,"minecraft:shears":28,"minecraft:bread":12,"minecraft:iron_pickaxe":521,"minecraft:netherite_axe":115,"minecraft:cobblestone":92,"minecraft:cooked_porkchop":48,"minecraft:birch_log":1,"minecraft:bucket":8,"minecraft:andesite":6,"minecraft:bone_meal":30},"minecraft:mined":{"minecraft:tuff":17,"minecraft:deepslate_diamond_ore":10,"minecraft:grass_block":16,"minecraft:spawner":1,"comforts:sleeping_bag_white":1,"minecraft:furnace":2,"minecraft:iron_ore":46,"minecraft:fire":16,"minecraft:andesite":28,"minecraft:pumpkin":2,"minecraft:deepslate_iron_ore":25,"minecraft:vine":1,"minecraft:stone":297,"minecraft:white_wool":20,"minecraft:crafting_table":6,"minecraft:oak_fence":4,"minecraft:torch":11,"minecraft:emerald_ore":1,"minecraft:cobblestone":13,"minecraft:deepslate_gold_ore":1,"minecraft:sugar_cane":3,"minecraft:oak_planks":1,"minecraft:diorite":16,"minecraft:wall_torch":7,"minecraft:birch_planks":3,"minecraft:birch_log":15,"minecraft:birch_leaves":2,"minecraft:birch_door":7,"minecraft:grass":81,"minecraft:oak_log":41,"minecraft:coal_ore":179,"minecraft:gravel":19,"minecraft:dirt":45,"minecraft:cobweb":14,"minecraft:gold_ore":2,"minecraft:oak_leaves":1,"minecraft:deepslate":60},"minecraft:killed":{"minecraft:cave_spider":1,"minecraft:spider":9,"minecraft:slime":27,"minecraft:skeleton":25,"minecraft:pig":16,"minecraft:zombie_villager":1,"minecraft:bat":1,"minecraft:creeper":8,"minecraft:sheep":24,"minecraft:zombie":65,"minecraft:wither_skeleton":1,"minecraft:cow":1,"minecraft:blaze":5,"minecraft:enderman":4},"minecraft:crafted":{"minecraft:oak_planks":144,"comforts:sleeping_bag_white":1,"minecraft:furnace":2,"minecraft:bone_meal":30,"minecraft:flint_and_steel":1,"minecraft:bow":2,"minecraft:iron_boots":1,"minecraft:stone_pickaxe":4,"minecraft:birch_door":3,"minecraft:stone_hoe":1,"minecraft:oak_fence":93,"minecraft:wheat":9,"minecraft:emerald":9,"minecraft:crafting_table":3,"minecraft:wooden_pickaxe":1,"minecraft:iron_helmet":1,"minecraft:birch_planks":32,"minecraft:air":0,"minecraft:iron_chestplate":1,"minecraft:shield":1,"minecraft:stick":72,"minecraft:iron_pickaxe":3,"minecraft:iron_ingot":70,"minecraft:iron_leggings":1,"minecraft:shears":1},"minecraft:picked_up":{"minecraft:birch_door":8,"minecraft:crafting_table":6,"minecraft:wheat":13,"minecraft:string":36,"minecraft:iron_shovel":2,"minecraft:cobbled_deepslate":67,"minecraft:netherite_sword":1,"minecraft:bucket":2,"comforts:sleeping_bag_white":5,"minecraft:beef":5,"minecraft:iron_pickaxe":2,"minecraft:sugar_cane":7,"minecraft:birch_sapling":9,"minecraft:egg":2,"minecraft:furnace":2,"minecraft:stick":21,"minecraft:raw_iron":70,"minecraft:oak_fence":4,"minecraft:torch":24,"sophisticatedbackpacks:backpack":1,"minecraft:porkchop":76,"minecraft:music_disc_11":1,"minecraft:diorite":16,"minecraft:carrot":1,"minecraft:rotten_flesh":184,"minecraft:arrow":73,"minecraft:saddle":1,"minecraft:blaze_rod":5,"minecraft:mutton":95,"minecraft:white_wool":43,"minecraft:cobblestone":276,"minecraft:birch_log":16,"minecraft:andesite":27,"minecraft:leather":5,"minecraft:brown_wool":1,"minecraft:birch_planks":1,"minecraft:flint":4,"minecraft:tuff":17,"minecraft:oak_log":36,"minecraft:chainmail_chestplate":2,"minecraft:gunpowder":19,"minecraft:lapis_lazuli":4,"minecraft:dirt":113,"minecraft:bone":91,"minecraft:apple":4,"minecraft:bow":6,"minecraft:wheat_seeds":49,"minecraft:raw_gold":2,"minecraft:oak_planks":7,"minecraft:pumpkin":2,"minecraft:gravel":33,"minecraft:grass_block":1,"minecraft:spider_eye":14,"minecraft:slime_ball":72,"minecraft:diamond":10,"minecraft:granite":7,"minecraft:grass":8,"minecraft:emerald":1,"minecraft:chainmail_helmet":2,"minecraft:oak_sapling":14,"minecraft:black_wool":2,"minecraft:coal":231,"minecraft:ender_pearl":10},"minecraft:broken":{"minecraft:iron_shovel":1,"minecraft:iron_boots":1,"minecraft:wooden_pickaxe":1,"minecraft:iron_pickaxe":2,"minecraft:iron_helmet":1,"minecraft:bow":2},"minecraft:custom":{"minecraft:mob_kills":190,"minecraft:animals_bred":16,"minecraft:interact_with_crafting_table":23,"minecraft:leave_game":7,"minecraft:time_since_death":32929,"minecraft:climb_one_cm":996,"minecraft:damage_resisted":286,"minecraft:sprint_one_cm":609463,"minecraft:walk_one_cm":872394,"minecraft:damage_blocked_by_shield":1665,"minecraft:drop":27,"minecraft:damage_dealt_absorbed":26,"minecraft:play_time":460053,"minecraft:deaths":1,"minecraft:sneak_time":6928,"minecraft:walk_under_water_one_cm":42001,"minecraft:jump":3548,"minecraft:walk_on_water_one_cm":58201,"minecraft:total_world_time":460053,"minecraft:interact_with_furnace":26,"minecraft:sleep_in_bed":11,"minecraft:time_since_rest":17086,"minecraft:damage_taken":5553,"minecraft:damage_absorbed":677,"minecraft:damage_dealt":31629,"minecraft:swim_one_cm":99428,"minecraft:fly_one_cm":901645,"minecraft:player_kills":4,"minecraft:open_chest":31,"minecraft:crouch_one_cm":13101,"minecraft:fall_one_cm":81001,"minecraft:horse_one_cm":128142},"minecraft:dropped":{"minecraft:water_bucket":1,"minecraft:wheat_seeds":2,"minecraft:granite":2,"minecraft:golden_apple":1,"minecraft:diorite":3,"minecraft:mutton":2,"minecraft:bucket":2,"minecraft:bone":5,"minecraft:stone_axe":1,"minecraft:cobbled_deepslate":18,"minecraft:tuff":4,"minecraft:raw_iron":1,"minecraft:rotten_flesh":20,"minecraft:oak_sapling":1,"minecraft:spider_eye":1,"comforts:sleeping_bag_white":2,"minecraft:arrow":4}},"DataVersion":3465}