{"stats":{"minecraft:used":{"minecraft:netherite_boots":1,"minecraft:netherite_sword":10,"minecraft:netherite_leggings":1,"minecraft:red_bed":3,"minecraft:netherite_chestplate":1,"minecraft:netherite_helmet":1},"minecraft:picked_up":{"minecraft:bone":4,"minecraft:arrow":5,"minecraft:rotten_flesh":1,"minecraft:string":2},"minecraft:killed":{"minecraft:skeleton":4,"minecraft:spider":2,"minecraft:zombie":1},"minecraft:custom":{"minecraft:time_since_rest":22770,"minecraft:crouch_one_cm":227,"minecraft:sprint_one_cm":59594,"minecraft:play_time":66076,"minecraft:walk_one_cm":20417,"minecraft:sneak_time":113,"minecraft:mob_kills":7,"minecraft:jump":148,"minecraft:damage_dealt":840,"minecraft:leave_game":4,"minecraft:walk_on_water_one_cm":70,"minecraft:time_since_death":66076,"minecraft:sleep_in_bed":2,"minecraft:total_world_time":66076,"minecraft:swim_one_cm":2397,"minecraft:fly_one_cm":307288}},"DataVersion":3465}