{"stats":{"minecraft:mined":{"minecraft:tuff":35,"minecraft:white_bed":1,"minecraft:deepslate_diamond_ore":15,"minecraft:brewing_stand":2,"minecraft:grass_block":22,"minecraft:composter":1,"minecraft:spawner":1,"comforts:sleeping_bag_white":1,"minecraft:furnace":7,"minecraft:iron_ore":68,"minecraft:fire":16,"minecraft:cobbled_deepslate":1,"minecraft:andesite":34,"minecraft:pumpkin":2,"minecraft:fletching_table":15,"minecraft:bell":1,"minecraft:deepslate_iron_ore":33,"minecraft:vine":2,"minecraft:stone":444,"minecraft:white_banner":3,"minecraft:white_wool":20,"minecraft:deepslate_redstone_ore":1,"minecraft:oak_fence":4,"minecraft:crafting_table":21,"minecraft:torch":31,"minecraft:emerald_ore":1,"minecraft:dead_bush":1,"minecraft:lectern":4,"minecraft:tall_grass":1,"minecraft:cobblestone":16,"minecraft:deepslate_gold_ore":18,"minecraft:oak_planks":1,"minecraft:sugar_cane":37,"minecraft:diorite":16,"minecraft:wall_torch":23,"minecraft:birch_planks":13,"minecraft:birch_log":27,"minecraft:birch_leaves":2,"minecraft:birch_door":7,"minecraft:grass":130,"minecraft:coal_ore":200,"minecraft:oak_log":141,"minecraft:gravel":77,"minecraft:dirt":50,"minecraft:cobweb":14,"minecraft:stonecutter":2,"minecraft:gold_ore":6,"minecraft:deepslate":203,"minecraft:oak_leaves":3},"minecraft:used":{"minecraft:oak_fence":64,"minecraft:netherite_sword":585,"minecraft:iron_shovel":60,"minecraft:flint_and_steel":1,"minecraft:chest":2,"minecraft:shield":124,"minecraft:bell":1,"minecraft:stone_hoe":64,"minecraft:cooked_chicken":1,"minecraft:torch":102,"minecraft:iron_chestplate":1,"minecraft:brewing_stand":1,"minecraft:dirt":122,"minecraft:tuff":1,"minecraft:birch_door":9,"minecraft:lava_bucket":1,"minecraft:villager_spawn_egg":2,"minecraft:birch_sapling":4,"minecraft:iron_helmet":1,"minecraft:iron_boots":3,"minecraft:netherite_boots":1,"minecraft:bow":52,"minecraft:furnace":11,"minecraft:egg":2,"comforts:sleeping_bag_white":4,"minecraft:enchanted_golden_apple":31,"minecraft:cooked_beef":5,"minecraft:cobbled_deepslate":64,"minecraft:iron_leggings":1,"minecraft:wheat_seeds":262,"minecraft:water_bucket":14,"minecraft:diorite":15,"minecraft:birch_planks":2,"minecraft:stone_pickaxe":203,"minecraft:netherite_chestplate":1,"minecraft:wooden_pickaxe":53,"minecraft:composter":1,"minecraft:sugar_cane":31,"minecraft:fletching_table":15,"minecraft:cookie":5,"minecraft:white_wool":20,"minecraft:netherite_leggings":1,"minecraft:red_bed":6,"minecraft:crafting_table":16,"minecraft:white_bed":2,"minecraft:crossbow":4,"minecraft:netherite_helmet":1,"minecraft:shears":28,"minecraft:birch_slab":5,"minecraft:bread":13,"minecraft:iron_pickaxe":930,"minecraft:netherite_axe":316,"minecraft:lectern":5,"minecraft:gravel":3,"minecraft:cobblestone":103,"minecraft:andesite":6,"minecraft:chainmail_boots":1,"minecraft:white_banner":3,"minecraft:cooked_porkchop":121,"minecraft:bucket":16,"minecraft:birch_log":1,"minecraft:bone_meal":135},"minecraft:custom":{"minecraft:mob_kills":380,"minecraft:animals_bred":98,"minecraft:interact_with_crafting_table":35,"minecraft:open_barrel":5,"minecraft:bell_ring":31,"minecraft:damage_dealt_resisted":321,"minecraft:leave_game":20,"minecraft:time_since_death":21896,"minecraft:damage_resisted":1417,"minecraft:climb_one_cm":2319,"minecraft:sprint_one_cm":1273288,"minecraft:walk_one_cm":1839708,"minecraft:damage_blocked_by_shield":2760,"minecraft:drop":54,"minecraft:damage_dealt_absorbed":130,"minecraft:talked_to_villager":37,"minecraft:raid_win":1,"minecraft:play_time":819866,"minecraft:sneak_time":10403,"minecraft:deaths":3,"minecraft:walk_under_water_one_cm":57782,"minecraft:jump":7530,"minecraft:walk_on_water_one_cm":109843,"minecraft:total_world_time":819866,"minecraft:interact_with_furnace":45,"minecraft:traded_with_villager":139,"minecraft:raid_trigger":1,"minecraft:sleep_in_bed":25,"minecraft:time_since_rest":23250,"minecraft:damage_taken":11345,"minecraft:damage_absorbed":836,"minecraft:damage_dealt":75413,"minecraft:player_kills":4,"minecraft:swim_one_cm":220203,"minecraft:fly_one_cm":1633079,"minecraft:open_chest":69,"minecraft:crouch_one_cm":18837,"minecraft:fall_one_cm":167897,"minecraft:horse_one_cm":128142},"minecraft:crafted":{"minecraft:oak_planks":820,"minecraft:redstone":20,"minecraft:rotten_flesh":84,"comforts:sleeping_bag_white":1,"minecraft:birch_slab":12,"minecraft:furnace":5,"minecraft:bone_meal":129,"minecraft:bookshelf":8,"minecraft:cooked_mutton":93,"minecraft:flint_and_steel":1,"minecraft:bow":3,"minecraft:iron_boots":1,"minecraft:ender_pearl":3,"minecraft:stone_pickaxe":4,"minecraft:chest":2,"minecraft:birch_door":3,"minecraft:stone_hoe":1,"minecraft:oak_fence":93,"sophisticatedbackpacks:iron_backpack":1,"minecraft:wheat":9,"minecraft:cooked_beef":5,"minecraft:oak_slab":6,"minecraft:emerald":108,"minecraft:cooked_porkchop":76,"minecraft:crafting_table":3,"minecraft:wooden_pickaxe":1,"minecraft:iron_helmet":1,"sophisticatedbackpacks:gold_backpack":1,"minecraft:fletching_table":9,"minecraft:bone":25,"minecraft:birch_planks":512,"minecraft:glowstone":8,"minecraft:air":0,"minecraft:lectern":1,"minecraft:book":3,"minecraft:iron_chestplate":1,"minecraft:paper":9,"minecraft:shield":1,"minecraft:stick":2240,"minecraft:iron_ingot":76,"minecraft:iron_pickaxe":3,"minecraft:gold_ingot":8,"minecraft:iron_leggings":1,"minecraft:white_bed":1,"minecraft:composter":1,"minecraft:shears":1,"minecraft:lapis_lazuli":12},"minecraft:killed":{"minecraft:cave_spider":1,"minecraft:spider":15,"minecraft:vindicator":2,"minecraft:slime":36,"minecraft:skeleton":38,"minecraft:wolf":3,"minecraft:pig":16,"minecraft:zombie_villager":2,"minecraft:bat":1,"minecraft:ravager":1,"minecraft:creeper":16,"minecraft:sheep":24,"minecraft:pillager":8,"minecraft:zombie":188,"minecraft:wither_skeleton":1,"minecraft:villager":3,"minecraft:enderman":4,"minecraft:blaze":5,"minecraft:cow":12},"minecraft:dropped":{"minecraft:water_bucket":1,"minecraft:wheat_seeds":2,"minecraft:cooked_porkchop":19,"minecraft:granite":2,"minecraft:golden_apple":1,"minecraft:cod":1,"minecraft:diorite":3,"minecraft:mutton":2,"minecraft:bucket":2,"minecraft:bone":5,"minecraft:stone_axe":1,"minecraft:cobbled_deepslate":18,"minecraft:tuff":4,"minecraft:raw_iron":1,"minecraft:rotten_flesh":20,"minecraft:oak_planks":22,"minecraft:cooked_mutton":29,"minecraft:chainmail_chestplate":2,"minecraft:tipped_arrow":2,"minecraft:oak_sapling":1,"minecraft:spider_eye":1,"comforts:sleeping_bag_white":2,"minecraft:arrow":4,"minecraft:raw_gold":12},"minecraft:picked_up":{"minecraft:iron_chestplate":1,"minecraft:birch_door":8,"minecraft:crafting_table":19,"minecraft:wheat":117,"minecraft:chainmail_boots":2,"magicaljewelry:gold_bracelet":4,"minecraft:brewing_stand":1,"reliquary:slime_pearl":1,"minecraft:string":61,"minecraft:iron_leggings":1,"minecraft:iron_shovel":4,"minecraft:pufferfish":1,"reliquary:chelicerae":2,"minecraft:netherite_sword":1,"minecraft:cobbled_deepslate":220,"reliquary:zombie_heart":35,"minecraft:bucket":2,"comforts:sleeping_bag_white":5,"minecraft:beef":54,"minecraft:iron_pickaxe":3,"minecraft:lectern":4,"minecraft:sugar_cane":60,"minecraft:birch_sapling":13,"minecraft:furnace":7,"minecraft:egg":2,"minecraft:tipped_arrow":9,"minecraft:stick":106,"minecraft:raw_iron":96,"reliquary:catalyzing_gland":3,"reliquary:rib_bone":6,"minecraft:composter":1,"minecraft:oak_fence":4,"minecraft:torch":65,"sophisticatedbackpacks:backpack":3,"minecraft:porkchop":76,"minecraft:cookie":5,"minecraft:music_disc_11":1,"minecraft:diorite":16,"minecraft:carrot":3,"minecraft:redstone":6,"minecraft:arrow":131,"minecraft:rotten_flesh":603,"minecraft:saddle":2,"minecraft:gold_ingot":1,"minecraft:blaze_rod":5,"minecraft:mutton":95,"minecraft:cod":1,"minecraft:white_wool":43,"minecraft:cobblestone":425,"minecraft:birch_log":30,"minecraft:andesite":33,"minecraft:brown_wool":1,"minecraft:leather":40,"minecraft:potato":1,"minecraft:birch_planks":1,"minecraft:flint":7,"minecraft:tuff":35,"minecraft:oak_log":141,"minecraft:chainmail_chestplate":2,"minecraft:gunpowder":48,"minecraft:lapis_lazuli":7,"minecraft:dirt":185,"minecraft:white_banner":6,"minecraft:bone":139,"minecraft:apple":18,"minecraft:bow":10,"minecraft:stonecutter":2,"minecraft:wheat_seeds":327,"minecraft:raw_gold":39,"minecraft:bell":1,"minecraft:iron_ingot":8,"magicaljewelry:gold_ring":1,"minecraft:fletching_table":15,"minecraft:iron_sword":1,"minecraft:oak_planks":94,"minecraft:cooked_porkchop":14,"minecraft:pumpkin":2,"minecraft:gravel":102,"minecraft:sand":6,"minecraft:white_bed":1,"minecraft:grass_block":1,"minecraft:spider_eye":33,"magicaljewelry:gold_amulet":1,"minecraft:iron_hoe":1,"magicaljewelry:silver_ring":2,"minecraft:slime_ball":91,"minecraft:diamond":16,"minecraft:crossbow":1,"minecraft:granite":7,"minecraft:bone_meal":6,"minecraft:grass":8,"minecraft:chainmail_helmet":4,"minecraft:emerald":5,"minecraft:oak_sapling":92,"minecraft:black_wool":2,"minecraft:coal":320,"minecraft:ender_pearl":10},"minecraft:broken":{"minecraft:iron_shovel":1,"minecraft:iron_boots":2,"minecraft:iron_chestplate":2,"minecraft:iron_leggings":2,"minecraft:chainmail_helmet":1,"minecraft:wooden_pickaxe":1,"minecraft:iron_pickaxe":3,"minecraft:iron_helmet":1,"minecraft:bow":2}},"DataVersion":3465}