{"stats":{"minecraft:used":{"minecraft:netherite_sword":120,"minecraft:water_bucket":2,"minecraft:diorite":14,"minecraft:flint_and_steel":1,"minecraft:stone_pickaxe":110,"minecraft:netherite_chestplate":1,"minecraft:shield":2,"minecraft:wooden_pickaxe":53,"minecraft:cooked_chicken":1,"minecraft:iron_chestplate":1,"minecraft:torch":28,"minecraft:dirt":71,"minecraft:netherite_leggings":1,"minecraft:red_bed":6,"minecraft:crafting_table":5,"minecraft:netherite_helmet":1,"minecraft:tuff":1,"minecraft:birch_door":6,"minecraft:lava_bucket":1,"minecraft:bread":3,"minecraft:birch_sapling":4,"minecraft:iron_pickaxe":498,"minecraft:netherite_axe":36,"minecraft:iron_helmet":1,"minecraft:iron_boots":1,"minecraft:netherite_boots":1,"minecraft:cobblestone":31,"minecraft:bow":10,"minecraft:furnace":3,"minecraft:cooked_porkchop":25,"minecraft:bucket":3,"minecraft:birch_log":1,"minecraft:iron_leggings":1,"comforts:sleeping_bag_white":3,"minecraft:enchanted_golden_apple":30},"minecraft:mined":{"minecraft:tuff":17,"minecraft:deepslate_diamond_ore":2,"minecraft:oak_fence":2,"minecraft:crafting_table":2,"minecraft:torch":5,"minecraft:grass_block":9,"minecraft:cobblestone":13,"minecraft:deepslate_gold_ore":1,"minecraft:oak_planks":1,"minecraft:diorite":15,"minecraft:wall_torch":6,"minecraft:spawner":1,"comforts:sleeping_bag_white":1,"minecraft:birch_planks":3,"minecraft:furnace":2,"minecraft:birch_log":8,"minecraft:iron_ore":32,"minecraft:fire":16,"minecraft:andesite":21,"minecraft:birch_leaves":2,"minecraft:birch_door":4,"minecraft:grass":5,"minecraft:coal_ore":179,"minecraft:deepslate_iron_ore":19,"minecraft:gravel":19,"minecraft:dirt":13,"minecraft:cobweb":13,"minecraft:stone":269,"minecraft:gold_ore":2,"minecraft:oak_leaves":1,"minecraft:deepslate":11},"minecraft:killed":{"minecraft:cave_spider":1,"minecraft:spider":3,"minecraft:bat":1,"minecraft:creeper":2,"minecraft:sheep":1,"minecraft:skeleton":14,"minecraft:zombie":23,"minecraft:wither_skeleton":1,"minecraft:enderman":4,"minecraft:blaze":5},"minecraft:crafted":{"minecraft:emerald":9,"minecraft:crafting_table":3,"minecraft:wooden_pickaxe":1,"minecraft:iron_helmet":1,"minecraft:furnace":2,"minecraft:birch_planks":32,"minecraft:air":0,"minecraft:flint_and_steel":1,"minecraft:iron_chestplate":1,"minecraft:shield":1,"minecraft:stick":20,"minecraft:iron_ingot":40,"minecraft:iron_pickaxe":3,"minecraft:stone_pickaxe":2,"minecraft:iron_leggings":1,"minecraft:birch_door":3},"minecraft:picked_up":{"minecraft:birch_log":9,"minecraft:crafting_table":2,"minecraft:birch_door":5,"minecraft:andesite":21,"minecraft:birch_planks":1,"minecraft:flint":4,"minecraft:tuff":17,"minecraft:gunpowder":4,"minecraft:lapis_lazuli":4,"minecraft:dirt":46,"minecraft:string":20,"minecraft:bone":64,"minecraft:bow":3,"minecraft:netherite_sword":1,"minecraft:wheat_seeds":2,"minecraft:cobbled_deepslate":13,"minecraft:raw_gold":2,"minecraft:bucket":2,"comforts:sleeping_bag_white":4,"minecraft:iron_pickaxe":2,"minecraft:birch_sapling":4,"minecraft:oak_planks":1,"minecraft:furnace":2,"minecraft:raw_iron":50,"minecraft:oak_fence":2,"minecraft:torch":17,"minecraft:gravel":33,"sophisticatedbackpacks:backpack":1,"minecraft:music_disc_11":1,"minecraft:diorite":15,"minecraft:grass_block":1,"minecraft:spider_eye":5,"minecraft:arrow":39,"minecraft:rotten_flesh":52,"minecraft:diamond":2,"minecraft:granite":7,"minecraft:saddle":1,"minecraft:blaze_rod":5,"minecraft:mutton":2,"minecraft:coal":231,"minecraft:white_wool":1,"minecraft:cobblestone":248,"minecraft:ender_pearl":10},"minecraft:broken":{"minecraft:iron_pickaxe":2,"minecraft:bow":2,"minecraft:wooden_pickaxe":1},"minecraft:custom":{"minecraft:interact_with_furnace":22,"minecraft:mob_kills":56,"minecraft:interact_with_crafting_table":15,"minecraft:leave_game":6,"minecraft:time_since_death":334893,"minecraft:sleep_in_bed":8,"minecraft:damage_resisted":286,"minecraft:time_since_rest":33575,"minecraft:sprint_one_cm":455257,"minecraft:damage_absorbed":677,"minecraft:damage_taken":3151,"minecraft:walk_one_cm":414795,"minecraft:damage_blocked_by_shield":125,"minecraft:drop":27,"minecraft:damage_dealt":13143,"minecraft:damage_dealt_absorbed":26,"minecraft:player_kills":4,"minecraft:swim_one_cm":53544,"minecraft:fly_one_cm":747199,"minecraft:open_chest":20,"minecraft:crouch_one_cm":8843,"minecraft:play_time":334893,"minecraft:sneak_time":5133,"minecraft:walk_under_water_one_cm":35532,"minecraft:jump":2298,"minecraft:walk_on_water_one_cm":50336,"minecraft:fall_one_cm":60095,"minecraft:horse_one_cm":128142,"minecraft:total_world_time":334893},"minecraft:dropped":{"minecraft:water_bucket":1,"minecraft:stone_axe":1,"minecraft:wheat_seeds":2,"minecraft:cobbled_deepslate":18,"minecraft:tuff":4,"minecraft:raw_iron":1,"minecraft:rotten_flesh":20,"minecraft:granite":2,"minecraft:golden_apple":1,"minecraft:diorite":3,"minecraft:mutton":2,"minecraft:oak_sapling":1,"minecraft:spider_eye":1,"comforts:sleeping_bag_white":2,"minecraft:arrow":4,"minecraft:bucket":2,"minecraft:bone":5}},"DataVersion":3465}