{"stats":{"minecraft:custom":{"minecraft:animals_bred":108,"minecraft:interact_with_crafting_table":82,"minecraft:open_barrel":11,"minecraft:bell_ring":31,"minecraft:leave_game":24,"minecraft:time_since_death":18472,"minecraft:damage_resisted":4385,"minecraft:sprint_one_cm":2067053,"minecraft:damage_blocked_by_shield":2760,"minecraft:drop":73,"minecraft:talked_to_villager":125,"minecraft:play_time":1420178,"minecraft:deaths":15,"minecraft:jump":11459,"minecraft:walk_on_water_one_cm":191684,"minecraft:enchant_item":1,"minecraft:interact_with_furnace":60,"minecraft:traded_with_villager":220,"minecraft:sleep_in_bed":51,"minecraft:damage_dealt":160696,"minecraft:player_kills":4,"minecraft:crouch_one_cm":47902,"minecraft:horse_one_cm":128142,"minecraft:mob_kills":778,"minecraft:damage_dealt_resisted":510,"minecraft:climb_one_cm":7025,"minecraft:walk_one_cm":2850619,"minecraft:damage_dealt_absorbed":250,"minecraft:raid_win":1,"minecraft:sneak_time":21884,"minecraft:walk_under_water_one_cm":189907,"minecraft:boat_one_cm":254423,"minecraft:total_world_time":1420178,"minecraft:raid_trigger":1,"minecraft:time_since_rest":18502,"minecraft:damage_taken":22777,"minecraft:damage_absorbed":836,"minecraft:swim_one_cm":871888,"minecraft:fly_one_cm":2702887,"minecraft:open_chest":125,"minecraft:fall_one_cm":299295},"minecraft:killed":{"minecraft:cave_spider":1,"minecraft:zombified_piglin":4,"minecraft:witch":2,"minecraft:spider":31,"minecraft:skeleton":54,"minecraft:chicken":3,"minecraft:wolf":3,"minecraft:pig":16,"minecraft:zombie_villager":4,"minecraft:creeper":23,"minecraft:sheep":24,"minecraft:pillager":8,"minecraft:zombie":508,"minecraft:cow":23,"minecraft:blaze":5,"minecraft:vindicator":2,"minecraft:slime":36,"minecraft:bat":1,"minecraft:frog":1,"minecraft:ravager":1,"minecraft:wither_skeleton":8,"minecraft:villager":3,"minecraft:enderman":7},"minecraft:dropped":{"minecraft:cooked_beef":1,"minecraft:cooked_porkchop":19,"minecraft:cod":1,"minecraft:dirt":9,"reliquary:witch_hat":1,"minecraft:mutton":2,"minecraft:bone":5,"minecraft:stone_axe":1,"minecraft:cobbled_deepslate":18,"minecraft:rotten_flesh":25,"minecraft:oak_planks":26,"minecraft:cooked_mutton":29,"minecraft:chainmail_chestplate":2,"minecraft:tipped_arrow":2,"comforts:sleeping_bag_white":2,"minecraft:arrow":6,"minecraft:water_bucket":1,"minecraft:wheat_seeds":2,"minecraft:granite":2,"minecraft:golden_apple":1,"minecraft:diorite":3,"minecraft:torch":7,"minecraft:iron_leggings":1,"minecraft:bucket":5,"minecraft:oak_trapdoor":2,"minecraft:tuff":4,"minecraft:raw_iron":1,"minecraft:oak_sapling":1,"minecraft:spider_eye":1,"minecraft:raw_gold":12},"minecraft:picked_up":{"minecraft:birch_door":33,"minecraft:iron_chestplate":4,"minecraft:wheat":144,"minecraft:chainmail_boots":4,"minecraft:brewing_stand":1,"reliquary:slime_pearl":1,"minecraft:golden_sword":1,"minecraft:string":105,"minecraft:raw_copper":56,"minecraft:iron_leggings":4,"minecraft:pufferfish":1,"minecraft:gold_nugget":11,"minecraft:cobbled_deepslate":372,"reliquary:zombie_heart":132,"minecraft:bucket":4,"comforts:sleeping_bag_white":5,"minecraft:iron_pickaxe":5,"minecraft:furnace":8,"minecraft:iron_boots":2,"minecraft:tipped_arrow":9,"minecraft:stick":215,"minecraft:composter":1,"minecraft:oak_fence":4,"minecraft:torch":138,"uncraftingtable76:uncraftingtable":3,"minecraft:porkchop":76,"minecraft:diorite":45,"minecraft:stone_sword":2,"minecraft:rotten_flesh":1724,"magicaljewelry:silver_amulet":4,"minecraft:blaze_rod":5,"minecraft:obsidian":34,"minecraft:cod":1,"minecraft:cobblestone":678,"minecraft:birch_log":68,"minecraft:feather":5,"minecraft:cooked_beef":1,"minecraft:andesite":42,"minecraft:brown_wool":1,"reliquary:molten_core":1,"minecraft:potato":12,"minecraft:flint":9,"minecraft:tuff":72,"minecraft:wither_skeleton_skull":6,"minecraft:lapis_lazuli":7,"minecraft:dirt":343,"minecraft:leather_boots":3,"minecraft:bone":205,"minecraft:stonecutter":2,"minecraft:bow":11,"minecraft:wheat_seeds":406,"minecraft:raw_gold":42,"minecraft:bell":1,"magicaljewelry:gold_ring":11,"minecraft:netherite_axe":1,"magicaljewelry:silver_bracelet":4,"minecraft:fletching_table":15,"minecraft:glowstone_dust":8,"minecraft:oak_planks":238,"minecraft:cooked_porkchop":14,"minecraft:sand":86,"minecraft:grass_block":1,"minecraft:iron_hoe":2,"minecraft:diamond":117,"minecraft:crossbow":1,"minecraft:granite":13,"minecraft:grass":8,"minecraft:bone_meal":6,"minecraft:emerald":7,"minecraft:chainmail_helmet":6,"reliquary:witch_hat":6,"minecraft:oak_sapling":209,"reliquary:withered_rib":3,"minecraft:crafting_table":24,"minecraft:chicken":6,"minecraft:nether_wart":9,"minecraft:leather_leggings":2,"magicaljewelry:gold_bracelet":5,"minecraft:gold_block":1,"minecraft:oak_trapdoor":4,"minecraft:red_bed":3,"minecraft:iron_shovel":5,"reliquary:chelicerae":5,"minecraft:netherite_sword":4,"minecraft:beef":98,"minecraft:lectern":4,"minecraft:sugar_cane":168,"minecraft:birch_sapling":30,"minecraft:egg":4,"minecraft:raw_iron":136,"reliquary:catalyzing_gland":5,"reliquary:rib_bone":9,"sophisticatedbackpacks:backpack":8,"minecraft:cookie":10,"minecraft:music_disc_11":1,"minecraft:carrot":4,"minecraft:redstone":20,"minecraft:arrow":183,"minecraft:gold_ingot":1,"minecraft:saddle":2,"minecraft:mutton":95,"minecraft:white_wool":43,"minecraft:basalt":27,"minecraft:leather":76,"minecraft:jungle_fence":1,"minecraft:red_mushroom":3,"minecraft:birch_planks":4,"minecraft:oak_log":326,"minecraft:chainmail_chestplate":5,"minecraft:golden_boots":2,"minecraft:gunpowder":78,"minecraft:paper":2,"minecraft:white_banner":6,"minecraft:apple":33,"minecraft:iron_ingot":15,"minecraft:iron_sword":4,"minecraft:soul_sand":1,"minecraft:book":7,"minecraft:pumpkin":2,"minecraft:dandelion":1,"minecraft:gravel":113,"minecraft:white_bed":2,"minecraft:crying_obsidian":3,"magicaljewelry:gold_amulet":1,"minecraft:spider_eye":84,"magicaljewelry:silver_ring":7,"minecraft:slime_ball":91,"minecraft:chainmail_leggings":3,"reliquary:eye_of_the_storm":3,"minecraft:black_wool":2,"minecraft:coal":395,"minecraft:ender_pearl":21},"minecraft:used":{"minecraft:iron_shovel":145,"minecraft:nether_wart":2,"minecraft:chest":2,"minecraft:shield":124,"minecraft:zombie_spawn_egg":26,"minecraft:bell":1,"minecraft:rotten_flesh":5,"minecraft:iron_chestplate":3,"minecraft:soul_sand":1,"minecraft:tuff":1,"minecraft:obsidian":12,"minecraft:lava_bucket":3,"minecraft:villager_spawn_egg":5,"minecraft:birch_sapling":4,"minecraft:iron_helmet":1,"minecraft:netherite_boots":1,"minecraft:bow":61,"minecraft:furnace":12,"minecraft:egg":4,"minecraft:diorite":15,"minecraft:stone_pickaxe":203,"minecraft:jungle_fence":13,"minecraft:wooden_pickaxe":53,"minecraft:chainmail_helmet":1,"minecraft:composter":1,"minecraft:sugar_cane":31,"minecraft:cookie":10,"minecraft:white_wool":20,"minecraft:sand":6,"minecraft:netherite_leggings":1,"minecraft:crossbow":4,"minecraft:netherite_helmet":1,"minecraft:shears":28,"minecraft:birch_slab":5,"minecraft:bread":16,"minecraft:lectern":8,"minecraft:gravel":11,"minecraft:chainmail_boots":2,"minecraft:dark_oak_fence":3,"minecraft:andesite":6,"minecraft:birch_log":1,"minecraft:bone_meal":135,"minecraft:oak_fence":64,"minecraft:oak_trapdoor":1,"minecraft:netherite_sword":1052,"minecraft:flint_and_steel":2,"minecraft:zombie_villager_spawn_egg":4,"minecraft:wither_skeleton_spawn_egg":6,"minecraft:cooked_salmon":7,"minecraft:stone_hoe":64,"minecraft:cooked_chicken":1,"minecraft:torch":180,"minecraft:brewing_stand":1,"minecraft:dirt":302,"minecraft:golden_shovel":34,"minecraft:granite":6,"minecraft:birch_door":35,"minecraft:bookshelf":34,"minecraft:iron_boots":3,"minecraft:basalt":10,"torchmaster:megatorch":1,"comforts:sleeping_bag_white":4,"minecraft:cooked_beef":35,"minecraft:cobbled_deepslate":124,"minecraft:enchanted_golden_apple":31,"minecraft:iron_leggings":2,"minecraft:wheat_seeds":262,"minecraft:cooked_mutton":64,"minecraft:water_bucket":17,"minecraft:birch_planks":21,"minecraft:netherite_chestplate":1,"minecraft:birch_boat":1,"minecraft:fletching_table":15,"minecraft:crafting_table":19,"minecraft:red_bed":8,"minecraft:white_bed":3,"minecraft:diamond_pickaxe":381,"minecraft:iron_pickaxe":1151,"minecraft:netherite_axe":617,"enchantinginfuser:enchanting_infuser":1,"minecraft:cobblestone":180,"minecraft:white_banner":3,"minecraft:cooked_porkchop":135,"minecraft:bucket":20,"minecraft:splash_potion":165,"uncraftingtable76:uncraftingtable":4},"minecraft:crafted":{"minecraft:oak_planks":1516,"minecraft:rotten_flesh":186,"minecraft:birch_boat":1,"minecraft:birch_slab":12,"sophisticatedbackpacks:crafting_upgrade":1,"minecraft:bookshelf":20,"minecraft:cooked_mutton":93,"minecraft:bow":3,"minecraft:iron_boots":1,"minecraft:chest":3,"minecraft:birch_door":3,"minecraft:stone_hoe":1,"minecraft:oak_fence":93,"uncraftingtable76:uncraftingtable":1,"torchmaster:megatorch":1,"minecraft:oak_slab":6,"minecraft:emerald":177,"minecraft:cooked_porkchop":76,"enchantinginfuser:enchanting_infuser":1,"minecraft:crafting_table":4,"minecraft:wooden_pickaxe":1,"minecraft:iron_helmet":1,"minecraft:gold_block":2,"minecraft:fletching_table":9,"minecraft:oak_wood":6,"minecraft:birch_planks":668,"sophisticatedbackpacks:upgrade_base":1,"minecraft:lectern":1,"minecraft:iron_chestplate":3,"minecraft:book":31,"minecraft:paper":133,"minecraft:diamond_pickaxe":1,"minecraft:shield":1,"minecraft:stick":3714,"minecraft:iron_ingot":108,"minecraft:iron_pickaxe":3,"minecraft:gold_ingot":45,"minecraft:composter":1,"minecraft:shears":1,"minecraft:redstone":20,"comforts:sleeping_bag_white":1,"minecraft:furnace":5,"minecraft:bone_meal":129,"minecraft:flint_and_steel":1,"minecraft:ender_pearl":3,"minecraft:stone_pickaxe":4,"minecraft:wheat":9,"sophisticatedbackpacks:iron_backpack":1,"minecraft:cooked_beef":98,"minecraft:enchanting_table":1,"minecraft:golden_shovel":1,"sophisticatedbackpacks:gold_backpack":1,"minecraft:bone":30,"minecraft:glowstone":8,"minecraft:air":0,"minecraft:iron_leggings":2,"minecraft:anvil":1,"minecraft:white_bed":1,"minecraft:lapis_lazuli":12},"minecraft:mined":{"minecraft:white_bed":1,"minecraft:brewing_stand":2,"minecraft:obsidian":36,"minecraft:granite":6,"minecraft:grass_block":82,"minecraft:composter":1,"minecraft:spawner":1,"comforts:sleeping_bag_white":1,"minecraft:cobbled_deepslate":1,"minecraft:iron_ore":80,"minecraft:fire":17,"minecraft:pumpkin":2,"minecraft:fletching_table":15,"minecraft:white_banner":3,"minecraft:deepslate_redstone_ore":2,"minecraft:red_bed":3,"minecraft:torch":71,"minecraft:dead_bush":2,"minecraft:cobblestone":23,"minecraft:sugar_cane":93,"minecraft:oak_planks":1,"minecraft:wall_torch":34,"minecraft:birch_log":66,"minecraft:birch_door":31,"minecraft:grass":150,"minecraft:oak_log":321,"minecraft:sand":79,"minecraft:dirt":67,"minecraft:stonecutter":2,"minecraft:oak_leaves":7,"minecraft:deepslate":351,"minecraft:crying_obsidian":3,"minecraft:tuff":72,"minecraft:mossy_cobblestone":1,"minecraft:deepslate_diamond_ore":34,"uncraftingtable76:uncraftingtable":2,"minecraft:oak_trapdoor":1,"minecraft:furnace":8,"minecraft:andesite":43,"minecraft:gold_block":1,"minecraft:bell":1,"minecraft:deepslate_iron_ore":33,"minecraft:vine":2,"minecraft:stone":691,"minecraft:white_wool":20,"minecraft:basalt":27,"minecraft:oak_fence":4,"minecraft:crafting_table":26,"minecraft:emerald_ore":3,"minecraft:lectern":4,"minecraft:copper_ore":2,"minecraft:tall_grass":2,"minecraft:deepslate_gold_ore":18,"minecraft:diorite":45,"minecraft:air":3,"minecraft:birch_planks":13,"minecraft:birch_leaves":2,"minecraft:jungle_fence":1,"minecraft:coal_ore":200,"minecraft:gravel":87,"minecraft:cobweb":15,"minecraft:gold_ore":9},"minecraft:broken":{"minecraft:iron_shovel":1,"magicaljewelry:gold_ring":1,"minecraft:iron_boots":3,"minecraft:iron_chestplate":3,"magicaljewelry:gold_amulet":1,"minecraft:golden_shovel":1,"minecraft:iron_leggings":3,"magicaljewelry:silver_ring":1,"minecraft:bow":2,"minecraft:chainmail_helmet":2,"minecraft:wooden_pickaxe":1,"magicaljewelry:gold_bracelet":3,"minecraft:iron_pickaxe":4,"minecraft:iron_helmet":1},"minecraft:killed_by":{"minecraft:ghast":1}},"DataVersion":3465}