{"stats":{"minecraft:crafted":{"minecraft:crafting_table":2,"minecraft:wooden_pickaxe":1,"minecraft:birch_planks":32,"minecraft:air":0,"minecraft:stick":4,"minecraft:iron_ingot":3,"minecraft:stone_pickaxe":1},"minecraft:dropped":{"minecraft:water_bucket":1,"minecraft:stone_axe":1,"minecraft:wheat_seeds":1,"minecraft:raw_iron":1,"minecraft:rotten_flesh":3,"minecraft:golden_apple":1,"minecraft:mutton":2,"comforts:sleeping_bag_white":1,"minecraft:arrow":4,"minecraft:bucket":1,"minecraft:bone":5},"minecraft:killed":{"minecraft:spider":2,"minecraft:creeper":1,"minecraft:sheep":1,"minecraft:skeleton":7,"minecraft:zombie":6,"minecraft:enderman":3},"minecraft:broken":{"minecraft:wooden_pickaxe":1},"minecraft:mined":{"minecraft:torch":2,"minecraft:wall_torch":1,"minecraft:birch_planks":3,"minecraft:birch_log":8,"minecraft:iron_ore":9,"minecraft:grass":1,"minecraft:coal_ore":52,"minecraft:dirt":7,"minecraft:stone":91,"minecraft:gold_ore":1},"minecraft:used":{"minecraft:water_bucket":1,"minecraft:netherite_sword":40,"minecraft:stone_pickaxe":22,"minecraft:netherite_chestplate":1,"minecraft:wooden_pickaxe":53,"minecraft:torch":5,"minecraft:dirt":1,"minecraft:netherite_leggings":1,"minecraft:crafting_table":2,"minecraft:red_bed":4,"minecraft:netherite_helmet":1,"minecraft:birch_sapling":4,"minecraft:iron_pickaxe":124,"minecraft:netherite_axe":17,"minecraft:netherite_boots":1,"minecraft:cobblestone":2,"minecraft:bucket":1,"minecraft:enchanted_golden_apple":23},"minecraft:custom":{"minecraft:interact_with_furnace":9,"minecraft:mob_kills":20,"minecraft:interact_with_crafting_table":2,"minecraft:leave_game":5,"minecraft:time_since_death":201395,"minecraft:sleep_in_bed":3,"minecraft:damage_resisted":220,"minecraft:time_since_rest":104998,"minecraft:sprint_one_cm":197030,"minecraft:damage_absorbed":479,"minecraft:damage_taken":939,"minecraft:walk_one_cm":117181,"minecraft:drop":17,"minecraft:damage_dealt":4794,"minecraft:swim_one_cm":11385,"minecraft:fly_one_cm":532183,"minecraft:player_kills":2,"minecraft:open_chest":8,"minecraft:crouch_one_cm":2452,"minecraft:play_time":201395,"minecraft:sneak_time":1483,"minecraft:walk_under_water_one_cm":9596,"minecraft:jump":862,"minecraft:walk_on_water_one_cm":17905,"minecraft:total_world_time":201395,"minecraft:fall_one_cm":18852},"minecraft:picked_up":{"minecraft:birch_log":8,"minecraft:birch_planks":1,"minecraft:gunpowder":3,"minecraft:string":2,"minecraft:dirt":32,"minecraft:bone":18,"minecraft:wheat_seeds":1,"minecraft:bucket":1,"minecraft:iron_pickaxe":1,"minecraft:birch_sapling":4,"minecraft:raw_iron":9,"minecraft:torch":5,"minecraft:arrow":16,"minecraft:rotten_flesh":14,"minecraft:mutton":2,"minecraft:coal":45,"minecraft:white_wool":1,"minecraft:cobblestone":66,"minecraft:ender_pearl":6}},"DataVersion":3465}