{"stats":{"minecraft:mined":{"minecraft:large_amethyst_bud":1,"minecraft:white_bed":6,"minecraft:obsidian":5,"minecraft:granite":6,"minecraft:grass_block":127,"minecraft:nether_wart":10,"minecraft:spawner":3,"comforts:sleeping_bag_white":1,"minecraft:cobbled_deepslate":5,"minecraft:iron_ore":130,"minecraft:barrel":16,"minecraft:fire":4,"minecraft:deepslate_lapis_ore":3,"minecraft:oak_stairs":10,"minecraft:deepslate_redstone_ore":5,"minecraft:red_bed":4,"minecraft:medium_amethyst_bud":1,"minecraft:amethyst_cluster":17,"minecraft:torch":2,"minecraft:poppy":1,"minecraft:calcite":3,"minecraft:chest":3,"minecraft:cobblestone":5,"minecraft:sugar_cane":12,"minecraft:oak_planks":5,"minecraft:wall_torch":10,"minecraft:amethyst_block":8,"minecraft:seagrass":1,"minecraft:birch_log":342,"minecraft:wheat":1,"minecraft:light_gray_wool":1,"minecraft:grass":118,"minecraft:oak_log":535,"minecraft:dirt":97,"minecraft:smooth_basalt":1,"minecraft:netherrack":2,"minecraft:oak_leaves":32,"minecraft:deepslate":388,"minecraft:tuff":34,"minecraft:deepslate_diamond_ore":10,"minecraft:glow_lichen":2,"minecraft:nether_bricks":5,"minecraft:birch_slab":2,"minecraft:spruce_leaves":4,"minecraft:oak_trapdoor":3,"minecraft:spruce_sapling":1,"minecraft:furnace":4,"minecraft:andesite":8,"minecraft:gold_block":1,"minecraft:deepslate_iron_ore":25,"minecraft:stone":424,"minecraft:white_wool":2,"minecraft:birch_stairs":3,"minecraft:soul_sand":11,"minecraft:crafting_table":10,"minecraft:lectern":1,"minecraft:lapis_ore":6,"minecraft:diorite":9,"minecraft:air":7,"minecraft:birch_planks":16,"minecraft:spruce_log":4,"minecraft:birch_leaves":17,"minecraft:white_wall_banner":2,"minecraft:coal_ore":112,"minecraft:dripstone_block":1,"minecraft:gravel":2,"minecraft:cobweb":1,"minecraft:gold_ore":8},"minecraft:dropped":{"minecraft:birch_planks":5,"minecraft:oak_log":153,"minecraft:cooked_porkchop":1,"minecraft:music_disc_13":1,"minecraft:mutton":1,"minecraft:iron_pickaxe":5,"minecraft:birch_log":64,"minecraft:white_wool":1,"minecraft:bone":3,"minecraft:stone_axe":2,"minecraft:cooked_chicken":2,"minecraft:cobbled_deepslate":1,"minecraft:birch_sapling":7,"minecraft:wheat":2,"minecraft:rotten_flesh":2,"minecraft:oak_planks":20,"minecraft:cooked_mutton":3,"minecraft:gunpowder":12,"minecraft:birch_door":1,"comforts:sleeping_bag_white":1,"minecraft:bread":1,"minecraft:wheat_seeds":15,"minecraft:iron_helmet":1,"minecraft:feather":21,"minecraft:cobblestone":10,"minecraft:apple":1,"minecraft:music_disc_pigstep":1,"minecraft:coal":4,"minecraft:stick":2,"minecraft:torch":56,"minecraft:string":4,"minecraft:music_disc_cat":1,"minecraft:redstone":14,"minecraft:tuff":33,"minecraft:light_gray_wool":1,"minecraft:name_tag":1,"minecraft:diamond_pickaxe":2,"magicaljewelry:gold_ring":1,"minecraft:golden_sword":1,"minecraft:bow":3,"minecraft:stone_pickaxe":2,"minecraft:wooden_pickaxe":1},"minecraft:killed_by":{"minecraft:zombie":1,"minecraft:player":4},"minecraft:broken":{"minecraft:iron_chestplate":1,"minecraft:iron_leggings":1,"minecraft:golden_leggings":1,"minecraft:stone_axe":4,"minecraft:chainmail_helmet":1,"minecraft:wooden_pickaxe":1,"minecraft:shield":1,"minecraft:golden_axe":1},"minecraft:picked_up":{"minecraft:birch_door":1,"minecraft:wheat":48,"minecraft:lead":2,"minecraft:oak_stairs":7,"minecraft:brewing_stand":1,"minecraft:string":8,"minecraft:gold_nugget":1,"minecraft:cobbled_deepslate":401,"reliquary:zombie_heart":2,"minecraft:bucket":1,"comforts:sleeping_bag_white":9,"minecraft:calcite":3,"minecraft:iron_pickaxe":2,"minecraft:furnace":4,"minecraft:iron_boots":1,"minecraft:tipped_arrow":1,"minecraft:stick":82,"minecraft:torch":16,"minecraft:porkchop":54,"minecraft:music_disc_pigstep":1,"minecraft:diorite":4,"minecraft:rotten_flesh":68,"minecraft:blaze_rod":5,"minecraft:obsidian":5,"minecraft:cod":2,"minecraft:cobblestone":410,"minecraft:birch_log":390,"minecraft:feather":29,"minecraft:magma_cream":5,"minecraft:water_bucket":1,"minecraft:birch_slab":5,"minecraft:andesite":8,"reliquary:molten_core":3,"minecraft:tuff":37,"minecraft:lapis_lazuli":59,"minecraft:dirt":236,"minecraft:bone":47,"minecraft:bow":4,"minecraft:wheat_seeds":155,"minecraft:raw_gold":8,"magicaljewelry:gold_ring":2,"minecraft:oak_planks":21,"minecraft:cooked_porkchop":2,"minecraft:barrel":16,"minecraft:clay":1,"minecraft:diamond":9,"minecraft:granite":6,"minecraft:golden_apple":1,"minecraft:chainmail_helmet":1,"minecraft:oak_sapling":98,"minecraft:netherrack":2,"minecraft:diamond_pickaxe":2,"minecraft:crafting_table":12,"minecraft:chicken":24,"minecraft:nether_wart":10,"minecraft:wooden_pickaxe":1,"minecraft:gold_block":1,"minecraft:iron_axe":1,"minecraft:red_bed":4,"minecraft:oak_trapdoor":2,"minecraft:iron_shovel":1,"minecraft:beef":2,"minecraft:oak_boat":2,"minecraft:poppy":1,"minecraft:light_gray_wool":4,"minecraft:lectern":1,"minecraft:sugar_cane":25,"minecraft:chest":3,"minecraft:birch_sapling":55,"minecraft:egg":1,"minecraft:raw_iron":150,"reliquary:rib_bone":1,"sophisticatedbackpacks:backpack":1,"minecraft:carrot":1,"minecraft:redstone":18,"minecraft:arrow":43,"minecraft:nether_bricks":4,"minecraft:mutton":24,"minecraft:white_wool":20,"minecraft:salmon":1,"minecraft:leather":4,"minecraft:birch_planks":45,"minecraft:oak_log":690,"minecraft:chainmail_chestplate":1,"minecraft:gunpowder":8,"minecraft:white_banner":3,"minecraft:cooked_mutton":40,"minecraft:apple":20,"minecraft:stone_pickaxe":1,"minecraft:cooked_chicken":2,"minecraft:soul_sand":11,"minecraft:smooth_basalt":1,"minecraft:gravel":1,"minecraft:birch_stairs":6,"minecraft:amethyst_shard":64,"minecraft:spruce_sapling":2,"minecraft:white_bed":2,"minecraft:spruce_log":4,"minecraft:spider_eye":1,"minecraft:stone_axe":3,"minecraft:black_wool":1,"minecraft:coal":113},"minecraft:used":{"minecraft:chest":18,"minecraft:shield":152,"minecraft:iron_sword":243,"minecraft:nether_wart":10,"minecraft:rotten_flesh":25,"minecraft:soul_sand":11,"minecraft:mutton":4,"minecraft:carrot":2,"minecraft:milk_bucket":1,"minecraft:obsidian":12,"minecraft:lava_bucket":36,"minecraft:golden_sword":25,"minecraft:bow":163,"minecraft:furnace":6,"minecraft:potato":9,"minecraft:stone_pickaxe":119,"minecraft:oak_planks":31,"minecraft:wooden_pickaxe":85,"minecraft:chainmail_helmet":1,"minecraft:white_wool":2,"minecraft:golden_apple":1,"minecraft:crossbow":5,"minecraft:birch_slab":15,"minecraft:bread":7,"minecraft:lectern":1,"minecraft:diamond_sword":233,"minecraft:wooden_sword":19,"minecraft:oak_boat":3,"minecraft:oak_trapdoor":5,"minecraft:stone_sword":18,"minecraft:flint_and_steel":3,"minecraft:cooked_chicken":13,"minecraft:netherrack":2,"minecraft:oak_door":1,"minecraft:torch":88,"minecraft:dirt":61,"minecraft:birch_door":2,"minecraft:wooden_axe":63,"minecraft:iron_axe":218,"minecraft:oak_stairs":122,"minecraft:barrel":22,"minecraft:light_gray_wool":2,"minecraft:beef":2,"comforts:sleeping_bag_white":7,"minecraft:cooked_beef":46,"minecraft:cobbled_deepslate":368,"minecraft:golden_axe":31,"minecraft:wheat_seeds":1,"minecraft:cooked_mutton":43,"minecraft:water_bucket":72,"minecraft:birch_planks":609,"minecraft:birch_boat":2,"minecraft:salmon":1,"minecraft:crafting_table":26,"minecraft:red_bed":2,"minecraft:white_bed":2,"minecraft:cod":2,"minecraft:diamond_pickaxe":394,"minecraft:apple":19,"minecraft:chicken":6,"minecraft:iron_pickaxe":671,"minecraft:spruce_sapling":1,"minecraft:stone_axe":933,"minecraft:fishing_rod":7,"minecraft:cobblestone":167,"minecraft:cooked_porkchop":27,"minecraft:white_banner":2,"minecraft:porkchop":18,"minecraft:bucket":111,"minecraft:birch_stairs":13},"minecraft:killed":{"minecraft:zombified_piglin":2,"minecraft:spider":10,"minecraft:skeleton":28,"minecraft:chicken":27,"minecraft:skeleton_horse":2,"minecraft:magma_cube":43,"minecraft:pig":26,"minecraft:salmon":1,"minecraft:creeper":4,"minecraft:sheep":18,"minecraft:trader_llama":5,"minecraft:pillager":1,"minecraft:zombie":56,"minecraft:cow":4,"minecraft:blaze":20,"minecraft:drowned":2,"minecraft:wandering_trader":3,"minecraft:wither_skeleton":2},"minecraft:crafted":{"minecraft:oak_planks":1882,"minecraft:barrel":6,"minecraft:birch_boat":2,"minecraft:cooked_chicken":14,"minecraft:birch_slab":18,"minecraft:cooked_mutton":16,"minecraft:bow":2,"minecraft:iron_boots":2,"minecraft:chest":16,"minecraft:birch_door":3,"minecraft:golden_sword":2,"minecraft:golden_axe":1,"minecraft:oak_slab":6,"minecraft:emerald":46,"minecraft:arrow":96,"minecraft:cooked_porkchop":28,"minecraft:crafting_table":15,"minecraft:spruce_planks":12,"minecraft:wooden_pickaxe":2,"minecraft:iron_helmet":2,"minecraft:birch_planks":852,"minecraft:iron_chestplate":1,"minecraft:diamond_pickaxe":2,"minecraft:golden_leggings":1,"minecraft:shield":4,"minecraft:stick":2188,"minecraft:iron_ingot":62,"minecraft:iron_pickaxe":4,"minecraft:stone_sword":1,"minecraft:gold_ingot":9,"minecraft:birch_stairs":12,"minecraft:wooden_sword":1,"minecraft:oak_door":3,"minecraft:fishing_rod":1,"comforts:sleeping_bag_white":2,"minecraft:furnace":4,"minecraft:oak_trapdoor":4,"minecraft:iron_axe":1,"minecraft:stone_pickaxe":4,"minecraft:crossbow":1,"minecraft:diamond_sword":1,"minecraft:iron_sword":1,"minecraft:bucket":1,"minecraft:stone_axe":7,"minecraft:air":0,"minecraft:bread":12,"minecraft:oak_boat":1,"minecraft:wooden_axe":1,"minecraft:oak_stairs":228,"minecraft:iron_leggings":1,"minecraft:white_bed":1,"minecraft:torch":156},"minecraft:custom":{"minecraft:animals_bred":5,"minecraft:interact_with_crafting_table":124,"minecraft:open_barrel":30,"minecraft:bell_ring":29,"minecraft:leave_game":14,"minecraft:time_since_death":41491,"minecraft:sprint_one_cm":1720696,"minecraft:damage_blocked_by_shield":6461,"minecraft:drop":92,"minecraft:talked_to_villager":20,"minecraft:play_time":560944,"minecraft:deaths":29,"minecraft:jump":6222,"minecraft:walk_on_water_one_cm":117344,"minecraft:interact_with_furnace":80,"minecraft:traded_with_villager":53,"minecraft:sleep_in_bed":19,"minecraft:damage_dealt":28432,"minecraft:crouch_one_cm":5467,"minecraft:horse_one_cm":2689,"minecraft:mob_kills":263,"minecraft:climb_one_cm":4126,"minecraft:walk_one_cm":1710554,"minecraft:damage_dealt_absorbed":256,"minecraft:raid_win":1,"minecraft:sneak_time":3326,"minecraft:walk_under_water_one_cm":64587,"minecraft:boat_one_cm":163174,"minecraft:total_world_time":560944,"minecraft:time_since_rest":23665,"minecraft:damage_taken":20463,"minecraft:damage_absorbed":39,"minecraft:swim_one_cm":235221,"minecraft:fly_one_cm":638842,"minecraft:open_chest":99,"minecraft:fish_caught":3,"minecraft:fall_one_cm":136641}},"DataVersion":3465}