{"stats":{"minecraft:killed":{"minecraft:zombified_piglin":10,"minecraft:spider":14,"minecraft:skeleton":49,"minecraft:chicken":31,"minecraft:skeleton_horse":2,"minecraft:magma_cube":61,"minecraft:piglin":1,"minecraft:pig":27,"minecraft:salmon":1,"minecraft:iron_golem":2,"minecraft:creeper":6,"minecraft:sheep":19,"minecraft:trader_llama":5,"minecraft:pillager":1,"minecraft:zombie":77,"minecraft:ghast":1,"minecraft:cow":9,"minecraft:blaze":20,"minecraft:drowned":2,"minecraft:wandering_trader":3,"minecraft:wither_skeleton":2,"minecraft:villager":1},"minecraft:custom":{"minecraft:animals_bred":5,"minecraft:interact_with_crafting_table":153,"minecraft:open_barrel":58,"minecraft:bell_ring":29,"minecraft:leave_game":17,"minecraft:time_since_death":44669,"minecraft:sprint_one_cm":2378253,"minecraft:damage_blocked_by_shield":12591,"minecraft:drop":119,"minecraft:talked_to_villager":31,"minecraft:play_time":766766,"minecraft:deaths":43,"minecraft:jump":8887,"minecraft:walk_on_water_one_cm":174319,"minecraft:enchant_item":7,"minecraft:interact_with_furnace":113,"minecraft:traded_with_villager":65,"minecraft:sleep_in_bed":20,"minecraft:damage_dealt":41890,"minecraft:crouch_one_cm":7418,"minecraft:horse_one_cm":2689,"minecraft:mob_kills":364,"minecraft:climb_one_cm":5137,"minecraft:walk_one_cm":2358402,"minecraft:damage_dealt_absorbed":316,"minecraft:raid_win":1,"minecraft:sneak_time":4047,"minecraft:walk_under_water_one_cm":80748,"minecraft:boat_one_cm":251731,"minecraft:total_world_time":766766,"minecraft:time_since_rest":44699,"minecraft:damage_taken":29765,"minecraft:damage_absorbed":39,"minecraft:swim_one_cm":321578,"minecraft:fly_one_cm":1002697,"minecraft:open_chest":138,"minecraft:fish_caught":3,"minecraft:fall_one_cm":205713},"minecraft:dropped":{"sophisticatedbackpacks:iron_backpack":1,"minecraft:birch_planks":5,"minecraft:cooked_beef":1,"minecraft:oak_log":153,"minecraft:cooked_porkchop":1,"minecraft:flint":5,"minecraft:music_disc_13":1,"minecraft:mutton":1,"minecraft:iron_pickaxe":5,"minecraft:birch_log":64,"minecraft:white_wool":1,"minecraft:gold_ingot":2,"minecraft:bone":3,"minecraft:gravel":1,"minecraft:stone_axe":2,"minecraft:cooked_chicken":2,"minecraft:cobbled_deepslate":1,"minecraft:birch_sapling":7,"minecraft:wheat":2,"minecraft:rotten_flesh":4,"minecraft:oak_planks":20,"minecraft:cooked_mutton":3,"minecraft:gunpowder":12,"minecraft:birch_door":1,"comforts:sleeping_bag_white":1,"minecraft:quartz":128,"minecraft:enchanted_book":1,"minecraft:bread":1,"minecraft:wheat_seeds":15,"minecraft:iron_helmet":2,"minecraft:feather":21,"minecraft:cobblestone":10,"minecraft:apple":1,"minecraft:music_disc_pigstep":1,"minecraft:chainmail_helmet":1,"minecraft:coal":4,"minecraft:stick":2,"minecraft:torch":56,"minecraft:iron_axe":1,"minecraft:string":4,"minecraft:music_disc_cat":1,"reliquary:slime_pearl":2,"minecraft:redstone":14,"minecraft:blaze_rod":5,"minecraft:tuff":33,"minecraft:light_gray_wool":1,"minecraft:name_tag":2,"minecraft:diamond_sword":4,"minecraft:shield":2,"minecraft:iron_chestplate":1,"minecraft:diamond_pickaxe":2,"magicaljewelry:gold_ring":1,"minecraft:golden_sword":1,"minecraft:bow":4,"minecraft:stone_pickaxe":2,"minecraft:wooden_pickaxe":1},"minecraft:picked_up":{"minecraft:birch_door":1,"minecraft:iron_chestplate":1,"minecraft:wheat":48,"minecraft:lead":4,"minecraft:diamond_sword":5,"minecraft:oak_stairs":7,"minecraft:enchanted_book":1,"minecraft:brewing_stand":1,"reliquary:slime_pearl":1,"minecraft:golden_sword":4,"minecraft:string":12,"minecraft:soul_soil":1,"minecraft:oak_sign":11,"minecraft:gold_nugget":261,"minecraft:cobbled_deepslate":524,"reliquary:zombie_heart":11,"minecraft:bucket":1,"comforts:sleeping_bag_white":9,"minecraft:calcite":3,"minecraft:iron_pickaxe":2,"minecraft:furnace":5,"minecraft:iron_boots":1,"minecraft:tipped_arrow":1,"minecraft:stick":82,"minecraft:torch":34,"minecraft:porkchop":54,"minecraft:diorite":4,"minecraft:music_disc_pigstep":1,"minecraft:rotten_flesh":156,"minecraft:blaze_rod":5,"minecraft:obsidian":5,"minecraft:cod":2,"minecraft:cobblestone":556,"minecraft:birch_log":392,"minecraft:feather":32,"minecraft:cooked_beef":14,"minecraft:magma_cream":7,"minecraft:birch_slab":5,"minecraft:water_bucket":1,"minecraft:andesite":9,"minecraft:brown_wool":1,"reliquary:molten_core":4,"minecraft:flint":10,"minecraft:tuff":42,"minecraft:lapis_lazuli":69,"minecraft:dirt":279,"minecraft:bone":69,"minecraft:bow":7,"minecraft:wheat_seeds":155,"minecraft:raw_gold":10,"magicaljewelry:gold_ring":2,"minecraft:glowstone_dust":3,"minecraft:oak_planks":25,"minecraft:cooked_porkchop":2,"minecraft:sand":13,"sophisticatedbackpacks:iron_backpack":1,"minecraft:spectral_arrow":1,"minecraft:barrel":16,"minecraft:mossy_cobblestone":41,"minecraft:clay":1,"minecraft:diamond":21,"minecraft:granite":6,"minecraft:golden_apple":1,"minecraft:chainmail_helmet":4,"minecraft:oak_sapling":101,"minecraft:netherrack":143,"minecraft:diamond_pickaxe":3,"minecraft:crafting_table":14,"minecraft:chicken":24,"minecraft:nether_wart":29,"minecraft:wooden_pickaxe":1,"minecraft:gold_block":1,"minecraft:red_bed":4,"minecraft:oak_trapdoor":2,"minecraft:iron_axe":1,"minecraft:iron_shovel":1,"minecraft:beef":2,"minecraft:oak_boat":3,"minecraft:poppy":2,"minecraft:light_gray_wool":4,"minecraft:lectern":1,"minecraft:sugar_cane":25,"minecraft:chest":3,"minecraft:birch_sapling":57,"minecraft:egg":1,"minecraft:raw_iron":178,"reliquary:rib_bone":1,"sophisticatedbackpacks:backpack":1,"minecraft:fire_charge":1,"minecraft:carrot":1,"minecraft:redstone":47,"minecraft:arrow":62,"minecraft:nether_bricks":4,"minecraft:gold_ingot":1,"minecraft:mutton":24,"minecraft:white_wool":20,"minecraft:salmon":1,"minecraft:leather":6,"minecraft:birch_planks":45,"minecraft:oak_log":695,"minecraft:chainmail_chestplate":1,"minecraft:gunpowder":8,"minecraft:white_banner":3,"minecraft:cooked_mutton":42,"minecraft:apple":20,"minecraft:iron_ingot":10,"minecraft:stone_pickaxe":1,"minecraft:cooked_chicken":6,"minecraft:soul_sand":11,"minecraft:smooth_basalt":1,"minecraft:quartz":241,"minecraft:gravel":37,"minecraft:birch_stairs":6,"minecraft:amethyst_shard":64,"minecraft:spruce_sapling":2,"minecraft:white_bed":3,"minecraft:spruce_log":4,"minecraft:spider_eye":3,"magicaljewelry:silver_ring":2,"minecraft:stone_axe":3,"minecraft:iron_helmet":1,"minecraft:black_wool":1,"minecraft:coal":115},"minecraft:used":{"minecraft:iron_shovel":73,"minecraft:oak_sign":29,"minecraft:chest":18,"minecraft:nether_wart":17,"minecraft:shield":288,"minecraft:iron_sword":243,"minecraft:rotten_flesh":362,"minecraft:soul_sand":11,"minecraft:mutton":4,"minecraft:carrot":2,"minecraft:obsidian":12,"minecraft:milk_bucket":1,"minecraft:lava_bucket":37,"minecraft:golden_sword":25,"minecraft:bow":228,"minecraft:furnace":7,"minecraft:potato":9,"minecraft:oak_planks":71,"minecraft:stone_pickaxe":119,"minecraft:wooden_pickaxe":85,"minecraft:chainmail_helmet":1,"minecraft:golden_apple":1,"minecraft:white_wool":2,"minecraft:crossbow":5,"minecraft:birch_slab":15,"minecraft:bread":12,"minecraft:lectern":1,"minecraft:diamond_sword":422,"minecraft:wooden_sword":19,"minecraft:oak_boat":4,"minecraft:oak_trapdoor":5,"minecraft:stone_sword":18,"minecraft:flint_and_steel":10,"minecraft:cooked_chicken":17,"minecraft:netherrack":3,"minecraft:oak_door":1,"minecraft:torch":114,"minecraft:dirt":65,"minecraft:birch_door":2,"minecraft:wooden_axe":63,"minecraft:iron_axe":241,"minecraft:oak_stairs":122,"minecraft:barrel":22,"minecraft:light_gray_wool":2,"minecraft:beef":2,"comforts:sleeping_bag_white":7,"minecraft:cooked_beef":70,"minecraft:cobbled_deepslate":368,"minecraft:golden_axe":31,"minecraft:wheat_seeds":1,"minecraft:cooked_mutton":45,"minecraft:water_bucket":98,"minecraft:birch_planks":609,"minecraft:baked_potato":25,"minecraft:birch_boat":2,"minecraft:salmon":1,"minecraft:crafting_table":30,"minecraft:red_bed":2,"minecraft:spider_eye":1,"minecraft:white_bed":3,"minecraft:cod":2,"minecraft:diamond_pickaxe":1246,"minecraft:apple":19,"minecraft:chicken":10,"minecraft:iron_pickaxe":671,"minecraft:spruce_sapling":1,"minecraft:stone_axe":933,"minecraft:fishing_rod":7,"minecraft:cobblestone":328,"minecraft:porkchop":18,"minecraft:white_banner":2,"minecraft:cooked_porkchop":27,"minecraft:bucket":136,"minecraft:birch_stairs":13},"minecraft:crafted":{"minecraft:oak_planks":1882,"minecraft:oak_sign":18,"minecraft:barrel":6,"minecraft:birch_boat":2,"minecraft:cooked_chicken":14,"minecraft:birch_slab":18,"minecraft:cooked_mutton":16,"minecraft:bow":3,"minecraft:iron_boots":4,"minecraft:chest":16,"minecraft:birch_door":3,"minecraft:golden_sword":2,"minecraft:golden_boots":1,"minecraft:golden_axe":1,"minecraft:oak_slab":6,"minecraft:emerald":46,"minecraft:arrow":288,"minecraft:cooked_porkchop":28,"minecraft:crafting_table":18,"minecraft:spruce_planks":16,"minecraft:iron_helmet":4,"minecraft:wooden_pickaxe":2,"minecraft:baked_potato":138,"minecraft:birch_planks":852,"minecraft:iron_chestplate":3,"minecraft:diamond_pickaxe":2,"minecraft:golden_leggings":1,"minecraft:shield":7,"minecraft:stick":2188,"minecraft:iron_ingot":149,"minecraft:iron_pickaxe":4,"minecraft:stone_sword":1,"minecraft:gold_ingot":23,"minecraft:birch_stairs":12,"minecraft:wooden_sword":1,"minecraft:oak_door":3,"minecraft:fishing_rod":1,"comforts:sleeping_bag_white":2,"minecraft:furnace":5,"minecraft:oak_trapdoor":4,"minecraft:iron_axe":1,"minecraft:stone_pickaxe":4,"minecraft:diamond_boots":1,"minecraft:crossbow":1,"minecraft:diamond_sword":1,"minecraft:iron_sword":1,"minecraft:bucket":1,"minecraft:stone_axe":7,"minecraft:bread":12,"minecraft:air":0,"minecraft:oak_boat":2,"minecraft:wooden_axe":1,"minecraft:oak_stairs":228,"minecraft:iron_leggings":3,"minecraft:white_bed":1,"minecraft:torch":208,"minecraft:diamond_chestplate":1},"minecraft:mined":{"minecraft:large_amethyst_bud":1,"minecraft:white_bed":7,"minecraft:obsidian":5,"minecraft:granite":6,"minecraft:grass_block":147,"minecraft:soul_soil":1,"minecraft:oak_wall_sign":9,"minecraft:nether_wart":17,"minecraft:spawner":3,"comforts:sleeping_bag_white":1,"minecraft:glowstone":1,"minecraft:cobbled_deepslate":7,"minecraft:iron_ore":158,"minecraft:fire":28,"minecraft:barrel":16,"minecraft:deepslate_lapis_ore":3,"minecraft:oak_sign":1,"minecraft:oak_stairs":10,"minecraft:deepslate_redstone_ore":10,"minecraft:red_bed":4,"minecraft:medium_amethyst_bud":1,"minecraft:amethyst_cluster":17,"minecraft:torch":13,"minecraft:calcite":3,"minecraft:poppy":1,"minecraft:chest":3,"minecraft:nether_quartz_ore":217,"minecraft:cobblestone":125,"minecraft:sugar_cane":12,"minecraft:oak_planks":9,"minecraft:wall_torch":14,"minecraft:amethyst_block":8,"minecraft:seagrass":1,"minecraft:birch_log":342,"minecraft:wheat":1,"minecraft:light_gray_wool":1,"minecraft:grass":122,"minecraft:oak_log":540,"minecraft:sand":13,"minecraft:dirt":97,"minecraft:smooth_basalt":1,"minecraft:netherrack":175,"minecraft:oak_leaves":32,"minecraft:deepslate":533,"minecraft:nether_gold_ore":41,"minecraft:tuff":40,"minecraft:mossy_cobblestone":52,"minecraft:deepslate_diamond_ore":10,"minecraft:glow_lichen":2,"minecraft:nether_bricks":5,"minecraft:birch_slab":2,"minecraft:spruce_leaves":4,"minecraft:redstone_ore":1,"minecraft:oak_trapdoor":3,"minecraft:spruce_sapling":1,"minecraft:furnace":5,"minecraft:andesite":9,"minecraft:gold_block":1,"minecraft:deepslate_iron_ore":25,"minecraft:stone":431,"minecraft:white_wool":2,"minecraft:birch_stairs":3,"minecraft:soul_sand":11,"minecraft:crafting_table":12,"minecraft:lectern":1,"minecraft:lapis_ore":12,"minecraft:diorite":9,"minecraft:air":7,"minecraft:birch_planks":16,"minecraft:spruce_log":4,"minecraft:birch_leaves":17,"minecraft:white_wall_banner":2,"minecraft:coal_ore":114,"minecraft:gravel":43,"minecraft:dripstone_block":1,"minecraft:cobweb":4,"minecraft:gold_ore":10},"minecraft:broken":{"minecraft:iron_boots":1,"minecraft:iron_chestplate":1,"minecraft:iron_leggings":1,"minecraft:golden_leggings":1,"minecraft:stone_axe":4,"minecraft:chainmail_helmet":1,"minecraft:wooden_pickaxe":1,"minecraft:shield":2,"minecraft:golden_axe":1},"minecraft:killed_by":{"minecraft:zombified_piglin":1,"minecraft:drowned":1,"minecraft:zombie":1,"minecraft:player":6}},"DataVersion":3465}