{"stats":{"minecraft:crafted":{"minecraft:wooden_sword":1,"minecraft:cooked_porkchop":28,"minecraft:crafting_table":1,"comforts:sleeping_bag_white":1,"minecraft:cooked_chicken":14,"minecraft:wooden_pickaxe":1,"minecraft:iron_helmet":2,"minecraft:iron_sword":1,"minecraft:furnace":2,"minecraft:bucket":1,"minecraft:birch_planks":248,"minecraft:stone_axe":1,"minecraft:cooked_mutton":16,"minecraft:air":0,"minecraft:iron_chestplate":1,"minecraft:iron_boots":2,"minecraft:shield":2,"minecraft:iron_axe":1,"minecraft:stick":128,"minecraft:iron_ingot":61,"minecraft:iron_pickaxe":4,"minecraft:stone_pickaxe":3,"minecraft:wooden_axe":1,"minecraft:stone_sword":1,"minecraft:chest":2,"minecraft:iron_leggings":1,"minecraft:torch":36},"minecraft:dropped":{"minecraft:bread":1,"minecraft:stone_axe":2,"minecraft:birch_planks":5,"minecraft:wheat_seeds":2,"minecraft:cooked_porkchop":1,"minecraft:wheat":2,"minecraft:birch_sapling":6,"minecraft:iron_helmet":1,"minecraft:feather":17,"minecraft:rotten_flesh":2,"minecraft:light_gray_wool":1,"minecraft:cooked_mutton":3,"minecraft:music_disc_pigstep":1,"minecraft:coal":4,"minecraft:stick":2,"minecraft:mutton":1,"comforts:sleeping_bag_white":1,"minecraft:stone_pickaxe":1,"minecraft:wooden_pickaxe":1,"minecraft:iron_pickaxe":1,"minecraft:string":3,"minecraft:bone":3},"minecraft:killed":{"minecraft:pig":20,"minecraft:spider":4,"minecraft:skeleton":6,"minecraft:sheep":11,"minecraft:zombie":18,"minecraft:chicken":16,"minecraft:drowned":1,"minecraft:blaze":1},"minecraft:mined":{"minecraft:tuff":4,"minecraft:red_bed":4,"minecraft:deepslate_diamond_ore":1,"minecraft:nether_bricks":5,"minecraft:glow_lichen":1,"minecraft:crafting_table":5,"minecraft:granite":2,"minecraft:grass_block":87,"minecraft:chest":1,"minecraft:cobblestone":5,"minecraft:lapis_ore":6,"minecraft:diorite":3,"minecraft:air":3,"minecraft:birch_planks":1,"minecraft:furnace":4,"minecraft:birch_log":76,"minecraft:iron_ore":68,"minecraft:birch_leaves":13,"minecraft:deepslate_lapis_ore":1,"minecraft:grass":19,"minecraft:coal_ore":101,"minecraft:gravel":1,"minecraft:dirt":26,"minecraft:stone":137,"minecraft:gold_ore":7,"minecraft:oak_leaves":3,"minecraft:deepslate":10},"minecraft:used":{"minecraft:cooked_mutton":12,"minecraft:water_bucket":47,"minecraft:stone_sword":18,"minecraft:birch_planks":95,"minecraft:stone_pickaxe":86,"minecraft:chest":2,"minecraft:wooden_pickaxe":26,"minecraft:shield":32,"minecraft:cooked_chicken":6,"minecraft:iron_sword":153,"minecraft:rotten_flesh":2,"minecraft:torch":19,"minecraft:golden_apple":1,"minecraft:dirt":8,"minecraft:red_bed":2,"minecraft:crafting_table":5,"minecraft:wooden_axe":63,"minecraft:lava_bucket":16,"minecraft:chicken":2,"minecraft:iron_axe":79,"minecraft:iron_pickaxe":254,"minecraft:light_gray_wool":1,"minecraft:stone_axe":46,"minecraft:wooden_sword":19,"minecraft:bow":2,"minecraft:cobblestone":107,"minecraft:furnace":4,"minecraft:cooked_porkchop":26,"minecraft:bucket":64,"comforts:sleeping_bag_white":2},"minecraft:killed_by":{"minecraft:player":2},"minecraft:custom":{"minecraft:interact_with_furnace":69,"minecraft:mob_kills":78,"minecraft:interact_with_crafting_table":56,"minecraft:leave_game":3,"minecraft:time_since_death":559,"minecraft:sleep_in_bed":8,"minecraft:time_since_rest":655,"minecraft:sprint_one_cm":390303,"minecraft:damage_absorbed":39,"minecraft:damage_taken":5967,"minecraft:walk_one_cm":550807,"minecraft:damage_blocked_by_shield":1226,"minecraft:drop":48,"minecraft:damage_dealt":9617,"minecraft:damage_dealt_absorbed":256,"minecraft:swim_one_cm":37117,"minecraft:fly_one_cm":112951,"minecraft:open_chest":35,"minecraft:crouch_one_cm":4042,"minecraft:play_time":161444,"minecraft:deaths":7,"minecraft:sneak_time":1116,"minecraft:walk_under_water_one_cm":37592,"minecraft:jump":1785,"minecraft:walk_on_water_one_cm":63399,"minecraft:total_world_time":161444,"minecraft:fall_one_cm":36350},"minecraft:picked_up":{"minecraft:birch_log":74,"minecraft:crafting_table":5,"minecraft:feather":24,"minecraft:chicken":16,"minecraft:water_bucket":1,"minecraft:wooden_pickaxe":1,"minecraft:birch_planks":3,"minecraft:tuff":4,"minecraft:oak_log":1,"minecraft:string":4,"minecraft:lapis_lazuli":45,"minecraft:dirt":120,"minecraft:red_bed":4,"minecraft:cooked_mutton":3,"minecraft:bone":14,"minecraft:bow":1,"minecraft:wheat_seeds":5,"minecraft:cobbled_deepslate":18,"minecraft:raw_gold":7,"comforts:sleeping_bag_white":4,"minecraft:stone_pickaxe":1,"minecraft:light_gray_wool":2,"minecraft:chest":1,"minecraft:birch_sapling":18,"minecraft:furnace":4,"minecraft:stick":13,"minecraft:raw_iron":69,"minecraft:cooked_porkchop":1,"minecraft:torch":1,"sophisticatedbackpacks:backpack":1,"minecraft:gravel":1,"minecraft:porkchop":40,"minecraft:diorite":3,"minecraft:music_disc_pigstep":1,"minecraft:redstone":4,"minecraft:spider_eye":1,"minecraft:arrow":8,"minecraft:rotten_flesh":31,"minecraft:diamond":1,"minecraft:nether_bricks":4,"minecraft:stone_axe":3,"minecraft:granite":2,"minecraft:golden_apple":1,"minecraft:oak_sapling":1,"minecraft:black_wool":1,"minecraft:mutton":20,"minecraft:coal":104,"minecraft:white_wool":9,"minecraft:cobblestone":172}},"DataVersion":3465}