{"stats":{"minecraft:crafted":{"minecraft:wooden_sword":1,"minecraft:cooked_porkchop":7,"minecraft:crafting_table":1,"minecraft:iron_helmet":2,"minecraft:wooden_pickaxe":1,"minecraft:cooked_chicken":7,"minecraft:iron_sword":1,"minecraft:furnace":2,"minecraft:bucket":1,"minecraft:birch_planks":248,"minecraft:stone_axe":1,"minecraft:cooked_mutton":12,"minecraft:air":0,"minecraft:iron_boots":2,"minecraft:iron_chestplate":1,"minecraft:shield":1,"minecraft:iron_axe":1,"minecraft:stick":128,"minecraft:iron_ingot":61,"minecraft:iron_pickaxe":4,"minecraft:stone_pickaxe":3,"minecraft:wooden_axe":1,"minecraft:stone_sword":1,"minecraft:chest":2,"minecraft:iron_leggings":1,"minecraft:torch":36},"minecraft:dropped":{"minecraft:stone_axe":2,"minecraft:wheat_seeds":2,"minecraft:birch_sapling":6,"minecraft:feather":10,"minecraft:rotten_flesh":2,"minecraft:cooked_mutton":3,"minecraft:stick":2,"minecraft:mutton":1,"minecraft:wooden_pickaxe":1,"minecraft:stone_pickaxe":1,"minecraft:iron_pickaxe":1},"minecraft:killed":{"minecraft:pig":9,"minecraft:spider":2,"minecraft:sheep":9,"minecraft:zombie":4,"minecraft:chicken":9},"minecraft:mined":{"minecraft:red_bed":3,"minecraft:crafting_table":3,"minecraft:grass_block":1,"minecraft:chest":1,"minecraft:air":3,"minecraft:furnace":2,"minecraft:birch_log":76,"minecraft:iron_ore":55,"minecraft:birch_leaves":13,"minecraft:grass":8,"minecraft:coal_ore":91,"minecraft:gravel":1,"minecraft:dirt":3,"minecraft:stone":75},"minecraft:used":{"minecraft:cooked_mutton":12,"minecraft:water_bucket":7,"minecraft:stone_sword":18,"minecraft:birch_planks":56,"minecraft:stone_pickaxe":86,"minecraft:shield":10,"minecraft:chest":2,"minecraft:wooden_pickaxe":26,"minecraft:iron_sword":29,"minecraft:cooked_chicken":3,"minecraft:rotten_flesh":2,"minecraft:torch":6,"minecraft:dirt":3,"minecraft:crafting_table":3,"minecraft:red_bed":2,"minecraft:wooden_axe":63,"minecraft:iron_axe":16,"minecraft:chicken":2,"minecraft:iron_pickaxe":118,"minecraft:stone_axe":46,"minecraft:wooden_sword":19,"minecraft:cobblestone":33,"minecraft:furnace":4,"minecraft:cooked_porkchop":2,"minecraft:bucket":8},"minecraft:killed_by":{"minecraft:player":1},"minecraft:custom":{"minecraft:interact_with_furnace":60,"minecraft:mob_kills":33,"minecraft:interact_with_crafting_table":53,"minecraft:time_since_death":40502,"minecraft:sleep_in_bed":6,"minecraft:time_since_rest":5999,"minecraft:sprint_one_cm":119064,"minecraft:damage_taken":2596,"minecraft:walk_one_cm":267518,"minecraft:damage_blocked_by_shield":219,"minecraft:drop":22,"minecraft:damage_dealt":3293,"minecraft:damage_dealt_absorbed":196,"minecraft:swim_one_cm":13194,"minecraft:fly_one_cm":37193,"minecraft:open_chest":34,"minecraft:crouch_one_cm":2023,"minecraft:play_time":86036,"minecraft:deaths":4,"minecraft:sneak_time":499,"minecraft:walk_under_water_one_cm":14928,"minecraft:jump":957,"minecraft:walk_on_water_one_cm":15835,"minecraft:total_world_time":86036,"minecraft:fall_one_cm":19962},"minecraft:picked_up":{"minecraft:birch_log":74,"minecraft:crafting_table":3,"minecraft:feather":17,"minecraft:chicken":9,"minecraft:wooden_pickaxe":1,"minecraft:string":2,"minecraft:dirt":25,"minecraft:red_bed":3,"minecraft:cooked_mutton":3,"minecraft:wheat_seeds":3,"minecraft:stone_pickaxe":1,"minecraft:light_gray_wool":1,"minecraft:chest":1,"minecraft:birch_sapling":16,"minecraft:furnace":2,"minecraft:stick":13,"minecraft:raw_iron":56,"minecraft:gravel":1,"minecraft:porkchop":19,"minecraft:rotten_flesh":5,"minecraft:stone_axe":3,"minecraft:black_wool":1,"minecraft:mutton":17,"minecraft:coal":94,"minecraft:white_wool":7,"minecraft:cobblestone":85}},"DataVersion":3465}