{"stats":{"minecraft:used":{"minecraft:stone_sword":18,"minecraft:chest":16,"minecraft:shield":55,"minecraft:iron_sword":243,"minecraft:cooked_chicken":13,"minecraft:rotten_flesh":8,"minecraft:torch":20,"minecraft:dirt":24,"minecraft:mutton":3,"minecraft:carrot":1,"minecraft:milk_bucket":1,"minecraft:birch_door":2,"minecraft:wooden_axe":63,"minecraft:lava_bucket":36,"minecraft:oak_stairs":110,"minecraft:iron_axe":171,"minecraft:barrel":22,"minecraft:light_gray_wool":2,"minecraft:bow":11,"minecraft:furnace":6,"comforts:sleeping_bag_white":3,"minecraft:cooked_mutton":22,"minecraft:water_bucket":61,"minecraft:birch_planks":592,"minecraft:stone_pickaxe":86,"minecraft:oak_planks":5,"minecraft:birch_boat":2,"minecraft:wooden_pickaxe":26,"minecraft:chainmail_helmet":1,"minecraft:white_wool":2,"minecraft:salmon":1,"minecraft:golden_apple":1,"minecraft:crafting_table":12,"minecraft:red_bed":2,"minecraft:white_bed":2,"minecraft:cod":2,"minecraft:apple":1,"minecraft:birch_slab":13,"minecraft:chicken":6,"minecraft:iron_pickaxe":317,"minecraft:stone_axe":315,"minecraft:fishing_rod":7,"minecraft:wooden_sword":19,"minecraft:cobblestone":107,"minecraft:porkchop":7,"minecraft:cooked_porkchop":27,"minecraft:bucket":99,"minecraft:birch_stairs":13},"minecraft:mined":{"minecraft:tuff":4,"minecraft:white_bed":1,"minecraft:deepslate_diamond_ore":1,"minecraft:glow_lichen":1,"minecraft:nether_bricks":5,"minecraft:granite":2,"minecraft:grass_block":108,"minecraft:birch_slab":2,"comforts:sleeping_bag_white":1,"minecraft:furnace":4,"minecraft:iron_ore":70,"minecraft:barrel":16,"minecraft:deepslate_lapis_ore":1,"minecraft:gold_block":1,"minecraft:oak_stairs":10,"minecraft:stone":187,"minecraft:white_wool":2,"minecraft:birch_stairs":3,"minecraft:red_bed":4,"minecraft:crafting_table":7,"minecraft:torch":1,"minecraft:poppy":1,"minecraft:chest":3,"minecraft:cobblestone":5,"minecraft:lapis_ore":6,"minecraft:oak_planks":5,"minecraft:diorite":3,"minecraft:wall_torch":1,"minecraft:air":3,"minecraft:seagrass":1,"minecraft:birch_planks":16,"minecraft:birch_log":238,"minecraft:birch_leaves":13,"minecraft:light_gray_wool":1,"minecraft:grass":102,"minecraft:oak_log":112,"minecraft:coal_ore":101,"minecraft:gravel":1,"minecraft:dirt":46,"minecraft:gold_ore":7,"minecraft:oak_leaves":9,"minecraft:deepslate":10},"minecraft:killed":{"minecraft:spider":4,"minecraft:skeleton":13,"minecraft:chicken":23,"minecraft:drowned":2,"minecraft:skeleton_horse":2,"minecraft:pig":21,"minecraft:salmon":1,"minecraft:creeper":2,"minecraft:sheep":17,"minecraft:pillager":1,"minecraft:zombie":21,"minecraft:cow":1,"minecraft:blaze":1},"minecraft:crafted":{"minecraft:wooden_sword":1,"minecraft:oak_planks":446,"minecraft:barrel":6,"minecraft:fishing_rod":1,"minecraft:birch_boat":2,"comforts:sleeping_bag_white":2,"minecraft:cooked_chicken":14,"minecraft:birch_slab":18,"minecraft:furnace":4,"minecraft:cooked_mutton":16,"minecraft:bow":1,"minecraft:iron_boots":2,"minecraft:iron_axe":1,"minecraft:stone_pickaxe":3,"minecraft:chest":14,"minecraft:birch_door":3,"minecraft:oak_slab":6,"minecraft:cooked_porkchop":28,"minecraft:crafting_table":4,"minecraft:wooden_pickaxe":1,"minecraft:iron_helmet":2,"minecraft:iron_sword":1,"minecraft:bucket":1,"minecraft:birch_planks":852,"minecraft:stone_axe":3,"minecraft:air":0,"minecraft:iron_chestplate":1,"minecraft:shield":2,"minecraft:stick":132,"minecraft:iron_ingot":61,"minecraft:iron_pickaxe":4,"minecraft:oak_stairs":228,"minecraft:wooden_axe":1,"minecraft:stone_sword":1,"minecraft:iron_leggings":1,"minecraft:white_bed":1,"minecraft:torch":36,"minecraft:birch_stairs":12},"minecraft:picked_up":{"minecraft:crafting_table":9,"minecraft:chicken":20,"minecraft:wooden_pickaxe":1,"minecraft:oak_stairs":7,"minecraft:gold_block":1,"minecraft:red_bed":4,"minecraft:string":4,"minecraft:cobbled_deepslate":18,"comforts:sleeping_bag_white":5,"minecraft:poppy":1,"minecraft:light_gray_wool":4,"minecraft:chest":3,"minecraft:birch_sapling":26,"minecraft:egg":1,"minecraft:furnace":4,"minecraft:stick":31,"minecraft:raw_iron":71,"minecraft:torch":2,"sophisticatedbackpacks:backpack":1,"minecraft:porkchop":43,"minecraft:diorite":3,"minecraft:music_disc_pigstep":1,"minecraft:redstone":4,"minecraft:arrow":18,"minecraft:rotten_flesh":37,"minecraft:nether_bricks":4,"minecraft:mutton":23,"minecraft:cod":2,"minecraft:white_wool":19,"minecraft:cobblestone":222,"minecraft:birch_log":226,"minecraft:feather":25,"minecraft:birch_slab":2,"minecraft:water_bucket":1,"minecraft:salmon":1,"minecraft:birch_planks":28,"minecraft:tuff":4,"minecraft:oak_log":113,"minecraft:lapis_lazuli":45,"minecraft:dirt":163,"minecraft:cooked_mutton":40,"minecraft:bone":31,"minecraft:apple":3,"minecraft:bow":3,"minecraft:wheat_seeds":16,"minecraft:raw_gold":7,"minecraft:cooked_chicken":2,"minecraft:stone_pickaxe":1,"minecraft:oak_planks":1,"minecraft:cooked_porkchop":2,"minecraft:gravel":1,"minecraft:birch_stairs":3,"minecraft:white_bed":1,"minecraft:barrel":16,"minecraft:spider_eye":1,"minecraft:diamond":1,"minecraft:stone_axe":3,"minecraft:granite":2,"minecraft:golden_apple":1,"minecraft:chainmail_helmet":1,"minecraft:oak_sapling":13,"minecraft:black_wool":1,"minecraft:coal":104},"minecraft:broken":{"minecraft:iron_chestplate":1,"minecraft:iron_leggings":1},"minecraft:custom":{"minecraft:mob_kills":114,"minecraft:open_barrel":4,"minecraft:interact_with_crafting_table":90,"minecraft:leave_game":9,"minecraft:time_since_death":28583,"minecraft:sprint_one_cm":807039,"minecraft:walk_one_cm":1016069,"minecraft:damage_blocked_by_shield":2041,"minecraft:drop":55,"minecraft:damage_dealt_absorbed":256,"minecraft:play_time":285997,"minecraft:deaths":17,"minecraft:sneak_time":1770,"minecraft:walk_under_water_one_cm":55912,"minecraft:boat_one_cm":56306,"minecraft:jump":2979,"minecraft:walk_on_water_one_cm":87219,"minecraft:total_world_time":285997,"minecraft:interact_with_furnace":73,"minecraft:sleep_in_bed":11,"minecraft:time_since_rest":1850,"minecraft:damage_taken":10809,"minecraft:damage_absorbed":39,"minecraft:damage_dealt":13331,"minecraft:swim_one_cm":111299,"minecraft:fly_one_cm":252332,"minecraft:open_chest":44,"minecraft:crouch_one_cm":4575,"minecraft:fish_caught":3,"minecraft:fall_one_cm":57104},"minecraft:dropped":{"minecraft:bread":1,"minecraft:birch_planks":5,"minecraft:wheat_seeds":11,"minecraft:cooked_porkchop":1,"minecraft:feather":17,"minecraft:iron_helmet":1,"minecraft:music_disc_pigstep":1,"minecraft:coal":4,"minecraft:stick":2,"minecraft:mutton":1,"minecraft:iron_pickaxe":1,"minecraft:string":3,"minecraft:bone":3,"minecraft:stone_axe":2,"minecraft:cooked_chicken":2,"minecraft:birch_sapling":6,"minecraft:wheat":2,"minecraft:rotten_flesh":2,"minecraft:light_gray_wool":1,"minecraft:cooked_mutton":3,"minecraft:birch_door":1,"comforts:sleeping_bag_white":1,"minecraft:bow":3,"minecraft:wooden_pickaxe":1,"minecraft:stone_pickaxe":1},"minecraft:killed_by":{"minecraft:player":4,"minecraft:zombie":1}},"DataVersion":3465}