{"stats":{"minecraft:crafted":{"minecraft:wooden_sword":1,"minecraft:cooked_porkchop":28,"minecraft:crafting_table":1,"comforts:sleeping_bag_white":1,"minecraft:iron_helmet":2,"minecraft:wooden_pickaxe":1,"minecraft:cooked_chicken":14,"minecraft:iron_sword":1,"minecraft:furnace":2,"minecraft:bucket":1,"minecraft:birch_planks":248,"minecraft:stone_axe":1,"minecraft:cooked_mutton":16,"minecraft:air":0,"minecraft:iron_boots":2,"minecraft:iron_chestplate":1,"minecraft:shield":1,"minecraft:iron_axe":1,"minecraft:stick":128,"minecraft:iron_ingot":61,"minecraft:iron_pickaxe":4,"minecraft:stone_pickaxe":3,"minecraft:wooden_axe":1,"minecraft:stone_sword":1,"minecraft:chest":2,"minecraft:iron_leggings":1,"minecraft:torch":36},"minecraft:dropped":{"minecraft:stone_axe":2,"minecraft:birch_planks":5,"minecraft:wheat_seeds":2,"minecraft:birch_sapling":6,"minecraft:feather":17,"minecraft:rotten_flesh":2,"minecraft:cooked_mutton":3,"minecraft:coal":4,"minecraft:stick":2,"minecraft:mutton":1,"minecraft:wooden_pickaxe":1,"minecraft:stone_pickaxe":1,"minecraft:iron_pickaxe":1,"minecraft:bone":3},"minecraft:killed":{"minecraft:pig":17,"minecraft:spider":2,"minecraft:skeleton":2,"minecraft:sheep":11,"minecraft:zombie":11,"minecraft:chicken":16,"minecraft:drowned":1},"minecraft:mined":{"minecraft:red_bed":3,"minecraft:crafting_table":4,"minecraft:grass_block":1,"minecraft:chest":1,"minecraft:air":3,"minecraft:furnace":4,"minecraft:birch_log":76,"minecraft:iron_ore":55,"minecraft:birch_leaves":13,"minecraft:grass":10,"minecraft:coal_ore":91,"minecraft:gravel":1,"minecraft:dirt":3,"minecraft:stone":75},"minecraft:used":{"minecraft:cooked_mutton":12,"minecraft:water_bucket":8,"minecraft:stone_sword":18,"minecraft:birch_planks":57,"minecraft:stone_pickaxe":86,"minecraft:shield":16,"minecraft:chest":2,"minecraft:wooden_pickaxe":26,"minecraft:iron_sword":73,"minecraft:cooked_chicken":3,"minecraft:rotten_flesh":2,"minecraft:torch":6,"minecraft:dirt":3,"minecraft:crafting_table":4,"minecraft:red_bed":2,"minecraft:wooden_axe":63,"minecraft:iron_axe":52,"minecraft:chicken":2,"minecraft:iron_pickaxe":120,"minecraft:stone_axe":46,"minecraft:wooden_sword":19,"minecraft:cobblestone":33,"minecraft:furnace":4,"minecraft:cooked_porkchop":7,"minecraft:bucket":9,"comforts:sleeping_bag_white":1},"minecraft:killed_by":{"minecraft:player":1},"minecraft:custom":{"minecraft:interact_with_furnace":69,"minecraft:mob_kills":60,"minecraft:interact_with_crafting_table":55,"minecraft:time_since_death":52502,"minecraft:sleep_in_bed":7,"minecraft:time_since_rest":997,"minecraft:sprint_one_cm":173053,"minecraft:damage_taken":2998,"minecraft:walk_one_cm":335313,"minecraft:damage_blocked_by_shield":424,"minecraft:drop":37,"minecraft:damage_dealt":6636,"minecraft:damage_dealt_absorbed":236,"minecraft:swim_one_cm":18411,"minecraft:fly_one_cm":49009,"minecraft:open_chest":35,"minecraft:crouch_one_cm":2023,"minecraft:play_time":98036,"minecraft:deaths":4,"minecraft:sneak_time":510,"minecraft:walk_under_water_one_cm":20262,"minecraft:jump":1065,"minecraft:walk_on_water_one_cm":16492,"minecraft:total_world_time":98036,"minecraft:fall_one_cm":21276},"minecraft:picked_up":{"minecraft:birch_log":74,"minecraft:crafting_table":4,"minecraft:feather":24,"minecraft:chicken":16,"minecraft:wooden_pickaxe":1,"minecraft:string":2,"minecraft:dirt":25,"minecraft:red_bed":3,"minecraft:cooked_mutton":3,"minecraft:bone":3,"minecraft:wheat_seeds":3,"comforts:sleeping_bag_white":1,"minecraft:stone_pickaxe":1,"minecraft:light_gray_wool":1,"minecraft:chest":1,"minecraft:birch_sapling":18,"minecraft:furnace":4,"minecraft:stick":13,"minecraft:raw_iron":56,"sophisticatedbackpacks:backpack":1,"minecraft:gravel":1,"minecraft:porkchop":33,"minecraft:rotten_flesh":14,"minecraft:stone_axe":3,"minecraft:black_wool":1,"minecraft:mutton":20,"minecraft:coal":96,"minecraft:white_wool":9,"minecraft:cobblestone":85}},"DataVersion":3465}