{"stats":{"minecraft:used":{"minecraft:stone_sword":18,"minecraft:chest":2,"minecraft:shield":32,"minecraft:iron_sword":184,"minecraft:cooked_chicken":13,"minecraft:rotten_flesh":2,"minecraft:torch":19,"minecraft:dirt":18,"minecraft:wooden_axe":63,"minecraft:lava_bucket":21,"minecraft:iron_axe":98,"minecraft:light_gray_wool":1,"minecraft:bow":5,"minecraft:furnace":4,"comforts:sleeping_bag_white":3,"minecraft:cooked_mutton":12,"minecraft:water_bucket":50,"minecraft:birch_planks":95,"minecraft:stone_pickaxe":86,"minecraft:wooden_pickaxe":26,"minecraft:golden_apple":1,"minecraft:crafting_table":5,"minecraft:red_bed":2,"minecraft:chicken":2,"minecraft:iron_pickaxe":259,"minecraft:stone_axe":46,"minecraft:wooden_sword":19,"minecraft:cobblestone":107,"minecraft:cooked_porkchop":26,"minecraft:bucket":72},"minecraft:mined":{"minecraft:tuff":4,"minecraft:deepslate_diamond_ore":1,"minecraft:glow_lichen":1,"minecraft:nether_bricks":5,"minecraft:granite":2,"minecraft:grass_block":98,"comforts:sleeping_bag_white":1,"minecraft:furnace":4,"minecraft:iron_ore":68,"minecraft:deepslate_lapis_ore":1,"minecraft:stone":137,"minecraft:red_bed":4,"minecraft:crafting_table":5,"minecraft:chest":1,"minecraft:cobblestone":5,"minecraft:lapis_ore":6,"minecraft:diorite":3,"minecraft:air":3,"minecraft:birch_planks":1,"minecraft:birch_log":78,"minecraft:birch_leaves":13,"minecraft:grass":21,"minecraft:coal_ore":101,"minecraft:gravel":1,"minecraft:dirt":31,"minecraft:gold_ore":7,"minecraft:oak_leaves":8,"minecraft:deepslate":10},"minecraft:killed":{"minecraft:spider":4,"minecraft:skeleton":10,"minecraft:chicken":16,"minecraft:drowned":1,"minecraft:skeleton_horse":2,"minecraft:pig":20,"minecraft:creeper":1,"minecraft:sheep":11,"minecraft:zombie":19,"minecraft:blaze":1},"minecraft:crafted":{"minecraft:wooden_sword":1,"comforts:sleeping_bag_white":1,"minecraft:cooked_chicken":14,"minecraft:furnace":2,"minecraft:cooked_mutton":16,"minecraft:iron_boots":2,"minecraft:iron_axe":1,"minecraft:stone_pickaxe":3,"minecraft:chest":2,"minecraft:cooked_porkchop":28,"minecraft:crafting_table":1,"minecraft:wooden_pickaxe":1,"minecraft:iron_helmet":2,"minecraft:iron_sword":1,"minecraft:bucket":1,"minecraft:birch_planks":248,"minecraft:stone_axe":1,"minecraft:air":0,"minecraft:iron_chestplate":1,"minecraft:shield":2,"minecraft:stick":128,"minecraft:iron_ingot":61,"minecraft:iron_pickaxe":4,"minecraft:wooden_axe":1,"minecraft:stone_sword":1,"minecraft:iron_leggings":1,"minecraft:torch":36},"minecraft:picked_up":{"minecraft:crafting_table":5,"minecraft:chicken":16,"minecraft:wooden_pickaxe":1,"minecraft:red_bed":4,"minecraft:string":4,"minecraft:cobbled_deepslate":18,"comforts:sleeping_bag_white":5,"minecraft:light_gray_wool":2,"minecraft:chest":1,"minecraft:birch_sapling":18,"minecraft:furnace":4,"minecraft:stick":13,"minecraft:raw_iron":69,"minecraft:torch":1,"sophisticatedbackpacks:backpack":1,"minecraft:porkchop":40,"minecraft:diorite":3,"minecraft:music_disc_pigstep":1,"minecraft:redstone":4,"minecraft:arrow":14,"minecraft:rotten_flesh":32,"minecraft:nether_bricks":4,"minecraft:mutton":20,"minecraft:white_wool":9,"minecraft:cobblestone":172,"minecraft:birch_log":75,"minecraft:feather":24,"minecraft:water_bucket":1,"minecraft:birch_planks":3,"minecraft:tuff":4,"minecraft:oak_log":1,"minecraft:lapis_lazuli":45,"minecraft:dirt":145,"minecraft:cooked_mutton":3,"minecraft:bone":25,"minecraft:bow":3,"minecraft:wheat_seeds":7,"minecraft:raw_gold":7,"minecraft:cooked_chicken":2,"minecraft:stone_pickaxe":1,"minecraft:cooked_porkchop":1,"minecraft:gravel":1,"minecraft:spider_eye":1,"minecraft:diamond":1,"minecraft:stone_axe":3,"minecraft:granite":2,"minecraft:golden_apple":1,"minecraft:oak_sapling":1,"minecraft:black_wool":1,"minecraft:coal":104},"minecraft:broken":{"minecraft:iron_chestplate":1,"minecraft:iron_leggings":1},"minecraft:custom":{"minecraft:mob_kills":88,"minecraft:interact_with_crafting_table":56,"minecraft:leave_game":8,"minecraft:time_since_death":0,"minecraft:sprint_one_cm":498869,"minecraft:walk_one_cm":628381,"minecraft:damage_blocked_by_shield":1226,"minecraft:drop":52,"minecraft:damage_dealt_absorbed":256,"minecraft:play_time":191296,"minecraft:deaths":15,"minecraft:sneak_time":1209,"minecraft:walk_under_water_one_cm":50734,"minecraft:jump":2161,"minecraft:walk_on_water_one_cm":69111,"minecraft:total_world_time":191296,"minecraft:interact_with_furnace":69,"minecraft:sleep_in_bed":9,"minecraft:time_since_rest":3682,"minecraft:damage_taken":9241,"minecraft:damage_absorbed":39,"minecraft:damage_dealt":11028,"minecraft:swim_one_cm":54257,"minecraft:fly_one_cm":167677,"minecraft:open_chest":38,"minecraft:crouch_one_cm":4042,"minecraft:fall_one_cm":41902},"minecraft:dropped":{"minecraft:bread":1,"minecraft:birch_planks":5,"minecraft:wheat_seeds":2,"minecraft:cooked_porkchop":1,"minecraft:feather":17,"minecraft:iron_helmet":1,"minecraft:music_disc_pigstep":1,"minecraft:coal":4,"minecraft:stick":2,"minecraft:mutton":1,"minecraft:iron_pickaxe":1,"minecraft:string":3,"minecraft:bone":3,"minecraft:stone_axe":2,"minecraft:cooked_chicken":2,"minecraft:birch_sapling":6,"minecraft:wheat":2,"minecraft:rotten_flesh":2,"minecraft:light_gray_wool":1,"minecraft:cooked_mutton":3,"comforts:sleeping_bag_white":1,"minecraft:bow":2,"minecraft:wooden_pickaxe":1,"minecraft:stone_pickaxe":1},"minecraft:killed_by":{"minecraft:player":4,"minecraft:zombie":1}},"DataVersion":3465}