{"stats":{"minecraft:mined":{"minecraft:large_amethyst_bud":1,"minecraft:tuff":34,"minecraft:white_bed":6,"minecraft:deepslate_diamond_ore":9,"minecraft:obsidian":3,"minecraft:glow_lichen":1,"minecraft:nether_bricks":5,"minecraft:granite":6,"minecraft:grass_block":117,"minecraft:birch_slab":2,"minecraft:nether_wart":10,"minecraft:spawner":2,"comforts:sleeping_bag_white":1,"minecraft:oak_trapdoor":3,"minecraft:furnace":4,"minecraft:fire":4,"minecraft:iron_ore":70,"minecraft:barrel":16,"minecraft:cobbled_deepslate":5,"minecraft:andesite":8,"minecraft:deepslate_lapis_ore":3,"minecraft:gold_block":1,"minecraft:deepslate_iron_ore":4,"minecraft:oak_stairs":10,"minecraft:stone":295,"minecraft:white_wool":2,"minecraft:deepslate_redstone_ore":5,"minecraft:birch_stairs":3,"minecraft:soul_sand":11,"minecraft:red_bed":4,"minecraft:medium_amethyst_bud":1,"minecraft:amethyst_cluster":17,"minecraft:crafting_table":10,"minecraft:torch":2,"minecraft:calcite":3,"minecraft:poppy":1,"minecraft:chest":3,"minecraft:lectern":1,"minecraft:cobblestone":5,"minecraft:lapis_ore":6,"minecraft:oak_planks":5,"minecraft:sugar_cane":12,"minecraft:diorite":8,"minecraft:wall_torch":7,"minecraft:amethyst_block":8,"minecraft:air":7,"minecraft:seagrass":1,"minecraft:birch_planks":16,"minecraft:birch_log":342,"minecraft:wheat":1,"minecraft:birch_leaves":17,"minecraft:light_gray_wool":1,"minecraft:white_wall_banner":2,"minecraft:grass":116,"minecraft:coal_ore":101,"minecraft:oak_log":535,"minecraft:gravel":2,"minecraft:dirt":64,"minecraft:smooth_basalt":1,"minecraft:gold_ore":7,"minecraft:oak_leaves":32,"minecraft:deepslate":384},"minecraft:dropped":{"minecraft:bread":1,"minecraft:birch_planks":5,"minecraft:wheat_seeds":15,"minecraft:oak_log":153,"minecraft:cooked_porkchop":1,"minecraft:feather":21,"minecraft:iron_helmet":1,"minecraft:cobblestone":10,"minecraft:apple":1,"minecraft:music_disc_pigstep":1,"minecraft:coal":4,"minecraft:music_disc_13":1,"minecraft:stick":2,"minecraft:torch":56,"minecraft:mutton":1,"minecraft:iron_pickaxe":5,"minecraft:string":3,"minecraft:birch_log":64,"minecraft:white_wool":1,"minecraft:music_disc_cat":1,"minecraft:redstone":14,"minecraft:bone":3,"minecraft:stone_axe":2,"minecraft:cooked_chicken":2,"minecraft:cobbled_deepslate":1,"minecraft:tuff":33,"minecraft:wheat":2,"minecraft:birch_sapling":7,"minecraft:rotten_flesh":2,"minecraft:light_gray_wool":1,"minecraft:oak_planks":20,"minecraft:name_tag":1,"minecraft:cooked_mutton":3,"minecraft:gunpowder":12,"minecraft:diamond_pickaxe":2,"minecraft:birch_door":1,"minecraft:golden_sword":1,"comforts:sleeping_bag_white":1,"minecraft:bow":3,"minecraft:stone_pickaxe":1,"minecraft:wooden_pickaxe":1},"minecraft:killed_by":{"minecraft:player":4,"minecraft:zombie":1},"minecraft:broken":{"minecraft:iron_chestplate":1,"minecraft:iron_leggings":1,"minecraft:shield":1,"minecraft:golden_axe":1,"minecraft:stone_axe":4},"minecraft:picked_up":{"minecraft:birch_door":1,"minecraft:crafting_table":12,"minecraft:wheat":48,"minecraft:chicken":24,"minecraft:nether_wart":10,"minecraft:wooden_pickaxe":1,"minecraft:oak_stairs":7,"minecraft:gold_block":1,"minecraft:brewing_stand":1,"minecraft:string":4,"minecraft:oak_trapdoor":2,"minecraft:red_bed":4,"minecraft:iron_axe":1,"minecraft:gold_nugget":1,"minecraft:cobbled_deepslate":388,"minecraft:bucket":1,"comforts:sleeping_bag_white":8,"minecraft:beef":2,"minecraft:oak_boat":2,"minecraft:calcite":3,"minecraft:iron_boots":1,"minecraft:poppy":1,"minecraft:iron_pickaxe":2,"minecraft:light_gray_wool":4,"minecraft:lectern":1,"minecraft:sugar_cane":25,"minecraft:chest":3,"minecraft:birch_sapling":55,"minecraft:furnace":4,"minecraft:egg":1,"minecraft:tipped_arrow":1,"minecraft:stick":82,"minecraft:raw_iron":74,"reliquary:rib_bone":1,"minecraft:torch":12,"sophisticatedbackpacks:backpack":1,"minecraft:porkchop":54,"minecraft:diorite":3,"minecraft:music_disc_pigstep":1,"minecraft:carrot":1,"minecraft:redstone":18,"minecraft:arrow":32,"minecraft:rotten_flesh":37,"minecraft:nether_bricks":4,"minecraft:blaze_rod":5,"minecraft:obsidian":3,"minecraft:mutton":24,"minecraft:cod":2,"minecraft:white_wool":20,"minecraft:cobblestone":284,"minecraft:birch_log":390,"minecraft:andesite":8,"minecraft:feather":29,"minecraft:magma_cream":5,"minecraft:birch_slab":4,"minecraft:water_bucket":1,"minecraft:salmon":1,"reliquary:molten_core":3,"minecraft:birch_planks":32,"minecraft:tuff":37,"minecraft:oak_log":690,"minecraft:chainmail_chestplate":1,"minecraft:gunpowder":8,"minecraft:lapis_lazuli":59,"minecraft:dirt":193,"minecraft:white_banner":3,"minecraft:cooked_mutton":40,"minecraft:bone":38,"minecraft:apple":20,"minecraft:bow":3,"minecraft:wheat_seeds":155,"minecraft:raw_gold":7,"minecraft:stone_pickaxe":1,"minecraft:cooked_chicken":2,"minecraft:soul_sand":10,"minecraft:oak_planks":21,"minecraft:smooth_basalt":1,"minecraft:cooked_porkchop":2,"minecraft:gravel":1,"minecraft:birch_stairs":4,"minecraft:amethyst_shard":64,"minecraft:white_bed":2,"minecraft:spider_eye":1,"minecraft:barrel":16,"minecraft:clay":1,"minecraft:diamond":8,"minecraft:stone_axe":3,"minecraft:granite":6,"minecraft:golden_apple":1,"minecraft:chainmail_helmet":1,"minecraft:oak_sapling":98,"minecraft:black_wool":1,"minecraft:coal":104,"minecraft:diamond_pickaxe":2},"minecraft:used":{"minecraft:oak_trapdoor":5,"minecraft:stone_sword":18,"minecraft:flint_and_steel":2,"minecraft:chest":18,"minecraft:shield":79,"minecraft:iron_sword":243,"minecraft:cooked_chicken":13,"minecraft:rotten_flesh":8,"minecraft:oak_door":1,"minecraft:torch":65,"minecraft:soul_sand":10,"minecraft:dirt":39,"minecraft:mutton":3,"minecraft:carrot":2,"minecraft:milk_bucket":1,"minecraft:birch_door":2,"minecraft:wooden_axe":63,"minecraft:lava_bucket":36,"minecraft:iron_axe":207,"minecraft:oak_stairs":122,"minecraft:barrel":22,"minecraft:light_gray_wool":2,"minecraft:golden_sword":25,"minecraft:bow":126,"minecraft:furnace":6,"minecraft:cooked_beef":27,"comforts:sleeping_bag_white":6,"minecraft:potato":9,"minecraft:cobbled_deepslate":368,"minecraft:golden_axe":31,"minecraft:cooked_mutton":43,"minecraft:wheat_seeds":1,"minecraft:water_bucket":69,"minecraft:birch_planks":596,"minecraft:oak_planks":11,"minecraft:stone_pickaxe":86,"minecraft:wooden_pickaxe":26,"minecraft:birch_boat":2,"minecraft:chainmail_helmet":1,"minecraft:golden_apple":1,"minecraft:white_wool":2,"minecraft:salmon":1,"minecraft:red_bed":2,"minecraft:crafting_table":25,"minecraft:crossbow":5,"minecraft:white_bed":2,"minecraft:cod":2,"minecraft:diamond_pickaxe":243,"minecraft:apple":18,"minecraft:chicken":6,"minecraft:birch_slab":15,"minecraft:bread":4,"minecraft:iron_pickaxe":671,"minecraft:lectern":1,"minecraft:stone_axe":933,"minecraft:diamond_sword":100,"minecraft:fishing_rod":7,"minecraft:wooden_sword":19,"minecraft:cobblestone":159,"minecraft:porkchop":13,"minecraft:white_banner":2,"minecraft:cooked_porkchop":27,"minecraft:bucket":107,"minecraft:oak_boat":3,"minecraft:birch_stairs":13},"minecraft:killed":{"minecraft:zombified_piglin":1,"minecraft:spider":6,"minecraft:skeleton":16,"minecraft:chicken":27,"minecraft:drowned":2,"minecraft:skeleton_horse":2,"minecraft:magma_cube":43,"minecraft:pig":26,"minecraft:salmon":1,"minecraft:wandering_trader":2,"minecraft:creeper":3,"minecraft:sheep":18,"minecraft:trader_llama":1,"minecraft:pillager":1,"minecraft:zombie":25,"minecraft:wither_skeleton":2,"minecraft:blaze":20,"minecraft:cow":4},"minecraft:crafted":{"minecraft:wooden_sword":1,"minecraft:oak_door":3,"minecraft:oak_planks":1882,"minecraft:barrel":6,"minecraft:fishing_rod":1,"comforts:sleeping_bag_white":2,"minecraft:cooked_chicken":14,"minecraft:birch_boat":2,"minecraft:birch_slab":18,"minecraft:furnace":4,"minecraft:cooked_mutton":16,"minecraft:oak_trapdoor":4,"minecraft:bow":1,"minecraft:iron_boots":2,"minecraft:iron_axe":1,"minecraft:stone_pickaxe":3,"minecraft:chest":16,"minecraft:birch_door":3,"minecraft:golden_sword":2,"minecraft:golden_axe":1,"minecraft:crossbow":1,"minecraft:oak_slab":6,"minecraft:diamond_sword":1,"minecraft:arrow":96,"minecraft:emerald":46,"minecraft:cooked_porkchop":28,"minecraft:crafting_table":14,"minecraft:wooden_pickaxe":1,"minecraft:iron_helmet":2,"minecraft:iron_sword":1,"minecraft:bucket":1,"minecraft:birch_planks":852,"minecraft:stone_axe":7,"minecraft:bread":12,"minecraft:air":0,"minecraft:oak_boat":1,"minecraft:iron_chestplate":1,"minecraft:diamond_pickaxe":2,"minecraft:shield":3,"minecraft:stick":2184,"minecraft:iron_ingot":62,"minecraft:iron_pickaxe":4,"minecraft:oak_stairs":228,"minecraft:wooden_axe":1,"minecraft:stone_sword":1,"minecraft:gold_ingot":9,"minecraft:iron_leggings":1,"minecraft:white_bed":1,"minecraft:torch":156,"minecraft:birch_stairs":12},"minecraft:custom":{"minecraft:mob_kills":206,"minecraft:animals_bred":5,"minecraft:interact_with_crafting_table":119,"minecraft:open_barrel":12,"minecraft:bell_ring":29,"minecraft:leave_game":14,"minecraft:time_since_death":2441,"minecraft:climb_one_cm":2456,"minecraft:sprint_one_cm":1432745,"minecraft:walk_one_cm":1477330,"minecraft:damage_blocked_by_shield":3711,"minecraft:drop":89,"minecraft:damage_dealt_absorbed":256,"minecraft:talked_to_villager":17,"minecraft:raid_win":1,"minecraft:play_time":464944,"minecraft:sneak_time":3284,"minecraft:deaths":25,"minecraft:walk_under_water_one_cm":64012,"minecraft:boat_one_cm":163174,"minecraft:jump":4982,"minecraft:walk_on_water_one_cm":110174,"minecraft:total_world_time":464944,"minecraft:interact_with_furnace":80,"minecraft:traded_with_villager":53,"minecraft:sleep_in_bed":16,"minecraft:time_since_rest":2468,"minecraft:damage_taken":17332,"minecraft:damage_absorbed":39,"minecraft:damage_dealt":18984,"minecraft:swim_one_cm":203048,"minecraft:fly_one_cm":509327,"minecraft:open_chest":85,"minecraft:crouch_one_cm":5413,"minecraft:fish_caught":3,"minecraft:fall_one_cm":103022}},"DataVersion":3465}