{"stats":{"minecraft:mined":{"minecraft:tuff":25,"minecraft:white_bed":6,"minecraft:deepslate_diamond_ore":9,"minecraft:glow_lichen":1,"minecraft:nether_bricks":5,"minecraft:granite":2,"minecraft:grass_block":108,"minecraft:birch_slab":2,"comforts:sleeping_bag_white":1,"minecraft:oak_trapdoor":3,"minecraft:furnace":4,"minecraft:iron_ore":70,"minecraft:barrel":16,"minecraft:deepslate_lapis_ore":1,"minecraft:gold_block":1,"minecraft:oak_stairs":10,"minecraft:stone":187,"minecraft:white_wool":2,"minecraft:deepslate_redstone_ore":3,"minecraft:birch_stairs":3,"minecraft:red_bed":4,"minecraft:crafting_table":8,"minecraft:torch":2,"minecraft:poppy":1,"minecraft:chest":3,"minecraft:lectern":1,"minecraft:cobblestone":5,"minecraft:lapis_ore":6,"minecraft:sugar_cane":4,"minecraft:oak_planks":5,"minecraft:diorite":3,"minecraft:wall_torch":2,"minecraft:air":7,"minecraft:seagrass":1,"minecraft:birch_planks":16,"minecraft:birch_log":332,"minecraft:birch_leaves":17,"minecraft:light_gray_wool":1,"minecraft:white_wall_banner":2,"minecraft:grass":110,"minecraft:oak_log":535,"minecraft:coal_ore":101,"minecraft:gravel":1,"minecraft:dirt":46,"minecraft:gold_ore":7,"minecraft:oak_leaves":32,"minecraft:deepslate":314},"minecraft:dropped":{"minecraft:bread":1,"minecraft:birch_planks":5,"minecraft:wheat_seeds":12,"minecraft:oak_log":153,"minecraft:cooked_porkchop":1,"minecraft:feather":17,"minecraft:iron_helmet":1,"minecraft:music_disc_pigstep":1,"minecraft:coal":4,"minecraft:stick":2,"minecraft:torch":56,"minecraft:mutton":1,"minecraft:iron_pickaxe":1,"minecraft:string":3,"minecraft:birch_log":64,"minecraft:bone":3,"minecraft:stone_axe":2,"minecraft:cooked_chicken":2,"minecraft:wheat":2,"minecraft:birch_sapling":7,"minecraft:rotten_flesh":2,"minecraft:light_gray_wool":1,"minecraft:oak_planks":20,"minecraft:cooked_mutton":3,"minecraft:birch_door":1,"comforts:sleeping_bag_white":1,"minecraft:bow":3,"minecraft:wooden_pickaxe":1,"minecraft:stone_pickaxe":1},"minecraft:killed_by":{"minecraft:player":4,"minecraft:zombie":1},"minecraft:broken":{"minecraft:iron_chestplate":1,"minecraft:iron_leggings":1,"minecraft:golden_axe":1,"minecraft:stone_axe":4},"minecraft:picked_up":{"minecraft:crafting_table":10,"minecraft:chicken":21,"minecraft:wooden_pickaxe":1,"minecraft:oak_stairs":7,"minecraft:gold_block":1,"minecraft:brewing_stand":1,"minecraft:oak_trapdoor":2,"minecraft:red_bed":4,"minecraft:string":4,"minecraft:cobbled_deepslate":317,"minecraft:bucket":1,"comforts:sleeping_bag_white":8,"minecraft:oak_boat":1,"minecraft:poppy":1,"minecraft:light_gray_wool":4,"minecraft:lectern":1,"minecraft:sugar_cane":7,"minecraft:chest":3,"minecraft:birch_sapling":55,"minecraft:furnace":4,"minecraft:egg":1,"minecraft:tipped_arrow":1,"minecraft:stick":82,"minecraft:raw_iron":71,"reliquary:rib_bone":1,"minecraft:torch":6,"sophisticatedbackpacks:backpack":1,"minecraft:porkchop":43,"minecraft:diorite":3,"minecraft:music_disc_pigstep":1,"minecraft:redstone":18,"minecraft:arrow":26,"minecraft:rotten_flesh":37,"minecraft:nether_bricks":4,"minecraft:mutton":23,"minecraft:cod":2,"minecraft:white_wool":19,"minecraft:cobblestone":222,"minecraft:birch_log":390,"minecraft:feather":25,"minecraft:birch_slab":2,"minecraft:water_bucket":1,"minecraft:salmon":1,"minecraft:birch_planks":28,"minecraft:tuff":25,"minecraft:oak_log":690,"minecraft:chainmail_chestplate":1,"minecraft:lapis_lazuli":45,"minecraft:dirt":163,"minecraft:white_banner":3,"minecraft:cooked_mutton":40,"minecraft:bone":36,"minecraft:apple":19,"minecraft:bow":3,"minecraft:wheat_seeds":19,"minecraft:raw_gold":7,"minecraft:stone_pickaxe":1,"minecraft:cooked_chicken":2,"minecraft:oak_planks":21,"minecraft:cooked_porkchop":2,"minecraft:gravel":1,"minecraft:birch_stairs":3,"minecraft:white_bed":2,"minecraft:spider_eye":1,"minecraft:barrel":16,"minecraft:clay":1,"minecraft:diamond":8,"minecraft:stone_axe":3,"minecraft:granite":2,"minecraft:golden_apple":1,"minecraft:chainmail_helmet":1,"minecraft:oak_sapling":98,"minecraft:black_wool":1,"minecraft:coal":104},"minecraft:used":{"minecraft:oak_trapdoor":4,"minecraft:stone_sword":18,"minecraft:chest":18,"minecraft:shield":63,"minecraft:iron_sword":243,"minecraft:cooked_chicken":13,"minecraft:rotten_flesh":8,"minecraft:torch":38,"minecraft:dirt":24,"minecraft:mutton":3,"minecraft:carrot":1,"minecraft:milk_bucket":1,"minecraft:birch_door":2,"minecraft:wooden_axe":63,"minecraft:lava_bucket":36,"minecraft:iron_axe":171,"minecraft:oak_stairs":122,"minecraft:barrel":22,"minecraft:light_gray_wool":2,"minecraft:golden_sword":25,"minecraft:bow":31,"minecraft:furnace":6,"comforts:sleeping_bag_white":6,"minecraft:potato":9,"minecraft:cobbled_deepslate":15,"minecraft:golden_axe":31,"minecraft:cooked_mutton":42,"minecraft:water_bucket":63,"minecraft:birch_planks":592,"minecraft:stone_pickaxe":86,"minecraft:oak_planks":6,"minecraft:wooden_pickaxe":26,"minecraft:birch_boat":2,"minecraft:chainmail_helmet":1,"minecraft:white_wool":2,"minecraft:salmon":1,"minecraft:golden_apple":1,"minecraft:red_bed":2,"minecraft:crafting_table":23,"minecraft:crossbow":5,"minecraft:white_bed":2,"minecraft:cod":2,"minecraft:apple":10,"minecraft:birch_slab":13,"minecraft:chicken":6,"minecraft:iron_pickaxe":655,"minecraft:lectern":1,"minecraft:stone_axe":933,"minecraft:fishing_rod":7,"minecraft:wooden_sword":19,"minecraft:cobblestone":107,"minecraft:porkchop":7,"minecraft:white_banner":2,"minecraft:cooked_porkchop":27,"minecraft:bucket":101,"minecraft:oak_boat":1,"minecraft:birch_stairs":13},"minecraft:killed":{"minecraft:spider":5,"minecraft:skeleton":13,"minecraft:chicken":24,"minecraft:drowned":2,"minecraft:skeleton_horse":2,"minecraft:pig":21,"minecraft:salmon":1,"minecraft:wandering_trader":1,"minecraft:creeper":2,"minecraft:sheep":17,"minecraft:trader_llama":1,"minecraft:pillager":1,"minecraft:zombie":23,"minecraft:cow":3,"minecraft:blaze":1},"minecraft:crafted":{"minecraft:wooden_sword":1,"minecraft:oak_planks":1882,"minecraft:barrel":6,"minecraft:fishing_rod":1,"comforts:sleeping_bag_white":2,"minecraft:birch_boat":2,"minecraft:cooked_chicken":14,"minecraft:birch_slab":18,"minecraft:furnace":4,"minecraft:cooked_mutton":16,"minecraft:oak_trapdoor":2,"minecraft:bow":1,"minecraft:iron_boots":2,"minecraft:iron_axe":1,"minecraft:stone_pickaxe":3,"minecraft:chest":16,"minecraft:birch_door":3,"minecraft:golden_sword":2,"minecraft:golden_axe":1,"minecraft:crossbow":1,"minecraft:oak_slab":6,"minecraft:arrow":96,"minecraft:emerald":46,"minecraft:cooked_porkchop":28,"minecraft:crafting_table":14,"minecraft:wooden_pickaxe":1,"minecraft:iron_helmet":2,"minecraft:iron_sword":1,"minecraft:bucket":1,"minecraft:birch_planks":852,"minecraft:stone_axe":7,"minecraft:air":0,"minecraft:oak_boat":1,"minecraft:iron_chestplate":1,"minecraft:shield":3,"minecraft:stick":2184,"minecraft:iron_ingot":61,"minecraft:iron_pickaxe":4,"minecraft:wooden_axe":1,"minecraft:oak_stairs":228,"minecraft:stone_sword":1,"minecraft:iron_leggings":1,"minecraft:gold_ingot":9,"minecraft:white_bed":1,"minecraft:torch":156,"minecraft:birch_stairs":12},"minecraft:custom":{"minecraft:mob_kills":122,"minecraft:interact_with_crafting_table":114,"minecraft:open_barrel":8,"minecraft:bell_ring":29,"minecraft:leave_game":13,"minecraft:time_since_death":39907,"minecraft:climb_one_cm":1451,"minecraft:sprint_one_cm":1066979,"minecraft:walk_one_cm":1223537,"minecraft:damage_blocked_by_shield":2491,"minecraft:drop":63,"minecraft:damage_dealt_absorbed":256,"minecraft:talked_to_villager":15,"minecraft:raid_win":1,"minecraft:play_time":365833,"minecraft:deaths":18,"minecraft:sneak_time":1869,"minecraft:walk_under_water_one_cm":57985,"minecraft:boat_one_cm":130721,"minecraft:jump":3556,"minecraft:walk_on_water_one_cm":97073,"minecraft:total_world_time":365833,"minecraft:interact_with_furnace":76,"minecraft:traded_with_villager":53,"minecraft:sleep_in_bed":14,"minecraft:time_since_rest":18453,"minecraft:damage_taken":12612,"minecraft:damage_absorbed":39,"minecraft:damage_dealt":14428,"minecraft:swim_one_cm":158678,"minecraft:fly_one_cm":356439,"minecraft:open_chest":69,"minecraft:crouch_one_cm":4719,"minecraft:fish_caught":3,"minecraft:fall_one_cm":74029}},"DataVersion":3465}